state_ut,district,financial_year,trained,pdf_page,source_url,quality_flag,excluded_reason
Chhattisgarh,Sukma,2021-22,,3,https://www.msde.gov.in/static/uploads/2024/05/Annexure-2.pdf,training_flow_not_available_jobseekers;historical_district_names;reported_dash_preserved_as_missing,publisher_dash_or_missing_training_count
Gujarat,Arvalli,2021-22,,3,https://www.msde.gov.in/static/uploads/2024/05/Annexure-2.pdf,training_flow_not_available_jobseekers;historical_district_names;reported_dash_preserved_as_missing,publisher_dash_or_missing_training_count
Himachal Pradesh,Lahul And Spiti,2021-22,,4,https://www.msde.gov.in/static/uploads/2024/05/Annexure-2.pdf,training_flow_not_available_jobseekers;historical_district_names;reported_dash_preserved_as_missing,publisher_dash_or_missing_training_count
Karnataka,Vijayanagar,2021-22,,5,https://www.msde.gov.in/static/uploads/2024/05/Annexure-2.pdf,training_flow_not_available_jobseekers;historical_district_names;reported_dash_preserved_as_missing,publisher_dash_or_missing_training_count
Meghalaya,South West Garo Hills,2021-22,,8,https://www.msde.gov.in/static/uploads/2024/05/Annexure-2.pdf,training_flow_not_available_jobseekers;historical_district_names;reported_dash_preserved_as_missing,publisher_dash_or_missing_training_count
Nagaland,Kiphire,2021-22,,8,https://www.msde.gov.in/static/uploads/2024/05/Annexure-2.pdf,training_flow_not_available_jobseekers;historical_district_names;reported_dash_preserved_as_missing,publisher_dash_or_missing_training_count
Nagaland,Longleng,2021-22,,8,https://www.msde.gov.in/static/uploads/2024/05/Annexure-2.pdf,training_flow_not_available_jobseekers;historical_district_names;reported_dash_preserved_as_missing,publisher_dash_or_missing_training_count
Nagaland,Peren,2021-22,,8,https://www.msde.gov.in/static/uploads/2024/05/Annexure-2.pdf,training_flow_not_available_jobseekers;historical_district_names;reported_dash_preserved_as_missing,publisher_dash_or_missing_training_count
Nagaland,Phek,2021-22,,8,https://www.msde.gov.in/static/uploads/2024/05/Annexure-2.pdf,training_flow_not_available_jobseekers;historical_district_names;reported_dash_preserved_as_missing,publisher_dash_or_missing_training_count
Nagaland,Wokha,2021-22,,8,https://www.msde.gov.in/static/uploads/2024/05/Annexure-2.pdf,training_flow_not_available_jobseekers;historical_district_names;reported_dash_preserved_as_missing,publisher_dash_or_missing_training_count
Nagaland,Zunheboto,2021-22,,8,https://www.msde.gov.in/static/uploads/2024/05/Annexure-2.pdf,training_flow_not_available_jobseekers;historical_district_names;reported_dash_preserved_as_missing,publisher_dash_or_missing_training_count
Tamil Nadu,Kallakurichi,2021-22,,10,https://www.msde.gov.in/static/uploads/2024/05/Annexure-2.pdf,training_flow_not_available_jobseekers;historical_district_names;reported_dash_preserved_as_missing,publisher_dash_or_missing_training_count
Telangana,Mulugu,2021-22,,11,https://www.msde.gov.in/static/uploads/2024/05/Annexure-2.pdf,training_flow_not_available_jobseekers;historical_district_names;reported_dash_preserved_as_missing,publisher_dash_or_missing_training_count
Andaman And Nicobar Islands,Nicobars,2021-22,,13,https://www.msde.gov.in/static/uploads/2024/05/Annexure-2.pdf,training_flow_not_available_jobseekers;historical_district_names;reported_dash_preserved_as_missing,publisher_dash_or_missing_training_count
Dadra And Nagar Haveli And Daman And Diu,Diu,2021-22,,13,https://www.msde.gov.in/static/uploads/2024/05/Annexure-2.pdf,training_flow_not_available_jobseekers;historical_district_names;reported_dash_preserved_as_missing,publisher_dash_or_missing_training_count
