academic_year,state_ut,geography_level,education_level,male_pass_out,female_pass_out,total_pass_out,unit,table,pdf_page,source_url,quality_flag,excluded_reason
2022-23,A & N Islands,state_ut,Ph.D.,,,,persons_reported_passed_out,33,181,https://aishe.gov.in/document-category/aishe-final-reports/,blank_cells_are_missing_not_zero;actual_response_not_available_workforce,passout_total_missing
2022-23,A & N Islands,state_ut,M.Phil.,,,,persons_reported_passed_out,33,181,https://aishe.gov.in/document-category/aishe-final-reports/,blank_cells_are_missing_not_zero;actual_response_not_available_workforce,passout_total_missing
2022-23,A & N Islands,state_ut,Post Graduate,,,,persons_reported_passed_out,33,181,https://aishe.gov.in/document-category/aishe-final-reports/,blank_cells_are_missing_not_zero;actual_response_not_available_workforce,passout_total_missing
2022-23,Andhra Pradesh,state_ut,M.Phil.,,,,persons_reported_passed_out,33,181,https://aishe.gov.in/document-category/aishe-final-reports/,blank_cells_are_missing_not_zero;actual_response_not_available_workforce,passout_total_missing
2022-23,Arunachal Pradesh,state_ut,M.Phil.,,,,persons_reported_passed_out,33,181,https://aishe.gov.in/document-category/aishe-final-reports/,blank_cells_are_missing_not_zero;actual_response_not_available_workforce,passout_total_missing
2022-23,Bihar,state_ut,M.Phil.,,,,persons_reported_passed_out,33,181,https://aishe.gov.in/document-category/aishe-final-reports/,blank_cells_are_missing_not_zero;actual_response_not_available_workforce,passout_total_missing
2022-23,Chandigarh,state_ut,M.Phil.,,,,persons_reported_passed_out,33,181,https://aishe.gov.in/document-category/aishe-final-reports/,blank_cells_are_missing_not_zero;actual_response_not_available_workforce,passout_total_missing
2022-23,Himachal Pradesh,state_ut,M.Phil.,,,,persons_reported_passed_out,33,181,https://aishe.gov.in/document-category/aishe-final-reports/,blank_cells_are_missing_not_zero;actual_response_not_available_workforce,passout_total_missing
2022-23,Jammu and Kashmir,state_ut,M.Phil.,,,,persons_reported_passed_out,33,181,https://aishe.gov.in/document-category/aishe-final-reports/,blank_cells_are_missing_not_zero;actual_response_not_available_workforce,passout_total_missing
2022-23,Ladakh,state_ut,M.Phil.,,,,persons_reported_passed_out,33,181,https://aishe.gov.in/document-category/aishe-final-reports/,blank_cells_are_missing_not_zero;actual_response_not_available_workforce,passout_total_missing
2022-23,Lakshadweep,state_ut,Ph.D.,,,,persons_reported_passed_out,33,181,https://aishe.gov.in/document-category/aishe-final-reports/,blank_cells_are_missing_not_zero;actual_response_not_available_workforce,passout_total_missing
2022-23,Lakshadweep,state_ut,M.Phil.,,,,persons_reported_passed_out,33,181,https://aishe.gov.in/document-category/aishe-final-reports/,blank_cells_are_missing_not_zero;actual_response_not_available_workforce,passout_total_missing
2022-23,Lakshadweep,state_ut,Post Graduate,,,,persons_reported_passed_out,33,181,https://aishe.gov.in/document-category/aishe-final-reports/,blank_cells_are_missing_not_zero;actual_response_not_available_workforce,passout_total_missing
2022-23,Meghalaya,state_ut,M.Phil.,,,,persons_reported_passed_out,33,181,https://aishe.gov.in/document-category/aishe-final-reports/,blank_cells_are_missing_not_zero;actual_response_not_available_workforce,passout_total_missing
2022-23,Mizoram,state_ut,M.Phil.,,,,persons_reported_passed_out,33,181,https://aishe.gov.in/document-category/aishe-final-reports/,blank_cells_are_missing_not_zero;actual_response_not_available_workforce,passout_total_missing
2022-23,Nagaland,state_ut,M.Phil.,,,,persons_reported_passed_out,33,181,https://aishe.gov.in/document-category/aishe-final-reports/,blank_cells_are_missing_not_zero;actual_response_not_available_workforce,passout_total_missing
2022-23,Puducherry,state_ut,M.Phil.,,,,persons_reported_passed_out,33,181,https://aishe.gov.in/document-category/aishe-final-reports/,blank_cells_are_missing_not_zero;actual_response_not_available_workforce,passout_total_missing
2022-23,D & N Haveli and Daman & Diu,state_ut,Ph.D.,,,,persons_reported_passed_out,33,181,https://aishe.gov.in/document-category/aishe-final-reports/,blank_cells_are_missing_not_zero;actual_response_not_available_workforce,passout_total_missing
2022-23,D & N Haveli and Daman & Diu,state_ut,M.Phil.,,,,persons_reported_passed_out,33,181,https://aishe.gov.in/document-category/aishe-final-reports/,blank_cells_are_missing_not_zero;actual_response_not_available_workforce,passout_total_missing
2022-23,Uttarakhand,state_ut,M.Phil.,,,,persons_reported_passed_out,33,181,https://aishe.gov.in/document-category/aishe-final-reports/,blank_cells_are_missing_not_zero;actual_response_not_available_workforce,passout_total_missing
2022-23,All India,country,Ph.D.,16813,14570,31383,persons_reported_passed_out,33,181,https://aishe.gov.in/document-category/aishe-final-reports/,blank_cells_are_missing_not_zero;actual_response_not_available_workforce,aggregate_total_excluded_to_prevent_double_counting
2022-23,All India,country,M.Phil.,823,2626,3449,persons_reported_passed_out,33,181,https://aishe.gov.in/document-category/aishe-final-reports/,blank_cells_are_missing_not_zero;actual_response_not_available_workforce,aggregate_total_excluded_to_prevent_double_counting
2022-23,All India,country,Post Graduate,803240,1072667,1875907,persons_reported_passed_out,33,181,https://aishe.gov.in/document-category/aishe-final-reports/,blank_cells_are_missing_not_zero;actual_response_not_available_workforce,aggregate_total_excluded_to_prevent_double_counting
2022-23,A & N Islands,state_ut,PG Diploma,,,,persons_reported_passed_out,33,182,https://aishe.gov.in/document-category/aishe-final-reports/,blank_cells_are_missing_not_zero;actual_response_not_available_workforce,passout_total_missing
2022-23,Ladakh,state_ut,PG Diploma,,,,persons_reported_passed_out,33,182,https://aishe.gov.in/document-category/aishe-final-reports/,blank_cells_are_missing_not_zero;actual_response_not_available_workforce,passout_total_missing
2022-23,Lakshadweep,state_ut,PG Diploma,,,,persons_reported_passed_out,33,182,https://aishe.gov.in/document-category/aishe-final-reports/,blank_cells_are_missing_not_zero;actual_response_not_available_workforce,passout_total_missing
2022-23,Mizoram,state_ut,PG Diploma,,,,persons_reported_passed_out,33,182,https://aishe.gov.in/document-category/aishe-final-reports/,blank_cells_are_missing_not_zero;actual_response_not_available_workforce,passout_total_missing
2022-23,Nagaland,state_ut,PG Diploma,,,,persons_reported_passed_out,33,182,https://aishe.gov.in/document-category/aishe-final-reports/,blank_cells_are_missing_not_zero;actual_response_not_available_workforce,passout_total_missing
2022-23,Sikkim,state_ut,PG Diploma,,,,persons_reported_passed_out,33,182,https://aishe.gov.in/document-category/aishe-final-reports/,blank_cells_are_missing_not_zero;actual_response_not_available_workforce,passout_total_missing
2022-23,All India,country,Under Graduate,3863995,4050396,7914391,persons_reported_passed_out,33,182,https://aishe.gov.in/document-category/aishe-final-reports/,blank_cells_are_missing_not_zero;actual_response_not_available_workforce,aggregate_total_excluded_to_prevent_double_counting
2022-23,All India,country,PG Diploma,70969,74607,145576,persons_reported_passed_out,33,182,https://aishe.gov.in/document-category/aishe-final-reports/,blank_cells_are_missing_not_zero;actual_response_not_available_workforce,aggregate_total_excluded_to_prevent_double_counting
2022-23,All India,country,Diploma,484012,354799,838811,persons_reported_passed_out,33,182,https://aishe.gov.in/document-category/aishe-final-reports/,blank_cells_are_missing_not_zero;actual_response_not_available_workforce,aggregate_total_excluded_to_prevent_double_counting
2022-23,A & N Islands,state_ut,Certificate,,,,persons_reported_passed_out,33,183,https://aishe.gov.in/document-category/aishe-final-reports/,blank_cells_are_missing_not_zero;actual_response_not_available_workforce,passout_total_missing
2022-23,A & N Islands,state_ut,Grand Total,154,195,349,persons_reported_passed_out,33,183,https://aishe.gov.in/document-category/aishe-final-reports/,blank_cells_are_missing_not_zero;actual_response_not_available_workforce,aggregate_total_excluded_to_prevent_double_counting
2022-23,Andhra Pradesh,state_ut,Grand Total,207447,211721,419168,persons_reported_passed_out,33,183,https://aishe.gov.in/document-category/aishe-final-reports/,blank_cells_are_missing_not_zero;actual_response_not_available_workforce,aggregate_total_excluded_to_prevent_double_counting
2022-23,Arunachal Pradesh,state_ut,Grand Total,7489,6132,13621,persons_reported_passed_out,33,183,https://aishe.gov.in/document-category/aishe-final-reports/,blank_cells_are_missing_not_zero;actual_response_not_available_workforce,aggregate_total_excluded_to_prevent_double_counting
2022-23,Assam,state_ut,Grand Total,62951,77856,140807,persons_reported_passed_out,33,183,https://aishe.gov.in/document-category/aishe-final-reports/,blank_cells_are_missing_not_zero;actual_response_not_available_workforce,aggregate_total_excluded_to_prevent_double_counting
2022-23,Bihar,state_ut,Grand Total,303815,280985,584800,persons_reported_passed_out,33,183,https://aishe.gov.in/document-category/aishe-final-reports/,blank_cells_are_missing_not_zero;actual_response_not_available_workforce,aggregate_total_excluded_to_prevent_double_counting
2022-23,Chandigarh,state_ut,Grand Total,11087,14415,25502,persons_reported_passed_out,33,183,https://aishe.gov.in/document-category/aishe-final-reports/,blank_cells_are_missing_not_zero;actual_response_not_available_workforce,aggregate_total_excluded_to_prevent_double_counting
2022-23,Chhattisgarh,state_ut,Grand Total,140029,169044,309073,persons_reported_passed_out,33,183,https://aishe.gov.in/document-category/aishe-final-reports/,blank_cells_are_missing_not_zero;actual_response_not_available_workforce,aggregate_total_excluded_to_prevent_double_counting
2022-23,Delhi,state_ut,Grand Total,219909,243179,463088,persons_reported_passed_out,33,183,https://aishe.gov.in/document-category/aishe-final-reports/,blank_cells_are_missing_not_zero;actual_response_not_available_workforce,aggregate_total_excluded_to_prevent_double_counting
2022-23,Goa,state_ut,Grand Total,8161,8006,16167,persons_reported_passed_out,33,183,https://aishe.gov.in/document-category/aishe-final-reports/,blank_cells_are_missing_not_zero;actual_response_not_available_workforce,aggregate_total_excluded_to_prevent_double_counting
2022-23,Gujarat,state_ut,Grand Total,228818,209858,438676,persons_reported_passed_out,33,183,https://aishe.gov.in/document-category/aishe-final-reports/,blank_cells_are_missing_not_zero;actual_response_not_available_workforce,aggregate_total_excluded_to_prevent_double_counting
2022-23,Haryana,state_ut,Grand Total,91366,138482,229848,persons_reported_passed_out,33,183,https://aishe.gov.in/document-category/aishe-final-reports/,blank_cells_are_missing_not_zero;actual_response_not_available_workforce,aggregate_total_excluded_to_prevent_double_counting
2022-23,Himachal Pradesh,state_ut,Grand Total,30056,43274,73330,persons_reported_passed_out,33,183,https://aishe.gov.in/document-category/aishe-final-reports/,blank_cells_are_missing_not_zero;actual_response_not_available_workforce,aggregate_total_excluded_to_prevent_double_counting
2022-23,Jammu and Kashmir,state_ut,Grand Total,24548,37243,61791,persons_reported_passed_out,33,183,https://aishe.gov.in/document-category/aishe-final-reports/,blank_cells_are_missing_not_zero;actual_response_not_available_workforce,aggregate_total_excluded_to_prevent_double_counting
2022-23,Jharkhand,state_ut,Grand Total,103106,109837,212943,persons_reported_passed_out,33,183,https://aishe.gov.in/document-category/aishe-final-reports/,blank_cells_are_missing_not_zero;actual_response_not_available_workforce,aggregate_total_excluded_to_prevent_double_counting
2022-23,Karnataka,state_ut,Grand Total,281331,314665,595996,persons_reported_passed_out,33,183,https://aishe.gov.in/document-category/aishe-final-reports/,blank_cells_are_missing_not_zero;actual_response_not_available_workforce,aggregate_total_excluded_to_prevent_double_counting
2022-23,Kerala,state_ut,Grand Total,91901,163288,255189,persons_reported_passed_out,33,183,https://aishe.gov.in/document-category/aishe-final-reports/,blank_cells_are_missing_not_zero;actual_response_not_available_workforce,aggregate_total_excluded_to_prevent_double_counting
2022-23,Ladakh,state_ut,Certificate,,,,persons_reported_passed_out,33,183,https://aishe.gov.in/document-category/aishe-final-reports/,blank_cells_are_missing_not_zero;actual_response_not_available_workforce,passout_total_missing
2022-23,Ladakh,state_ut,Integrated,,,,persons_reported_passed_out,33,183,https://aishe.gov.in/document-category/aishe-final-reports/,blank_cells_are_missing_not_zero;actual_response_not_available_workforce,passout_total_missing
2022-23,Ladakh,state_ut,Grand Total,259,495,754,persons_reported_passed_out,33,183,https://aishe.gov.in/document-category/aishe-final-reports/,blank_cells_are_missing_not_zero;actual_response_not_available_workforce,aggregate_total_excluded_to_prevent_double_counting
2022-23,Lakshadweep,state_ut,Certificate,,,,persons_reported_passed_out,33,183,https://aishe.gov.in/document-category/aishe-final-reports/,blank_cells_are_missing_not_zero;actual_response_not_available_workforce,passout_total_missing
2022-23,Lakshadweep,state_ut,Integrated,,,,persons_reported_passed_out,33,183,https://aishe.gov.in/document-category/aishe-final-reports/,blank_cells_are_missing_not_zero;actual_response_not_available_workforce,passout_total_missing
2022-23,Lakshadweep,state_ut,Grand Total,30,138,168,persons_reported_passed_out,33,183,https://aishe.gov.in/document-category/aishe-final-reports/,blank_cells_are_missing_not_zero;actual_response_not_available_workforce,aggregate_total_excluded_to_prevent_double_counting
2022-23,Madhya Pradesh,state_ut,Grand Total,392679,386963,779642,persons_reported_passed_out,33,183,https://aishe.gov.in/document-category/aishe-final-reports/,blank_cells_are_missing_not_zero;actual_response_not_available_workforce,aggregate_total_excluded_to_prevent_double_counting
2022-23,Maharashtra,state_ut,Grand Total,652356,559337,1211693,persons_reported_passed_out,33,183,https://aishe.gov.in/document-category/aishe-final-reports/,blank_cells_are_missing_not_zero;actual_response_not_available_workforce,aggregate_total_excluded_to_prevent_double_counting
2022-23,Manipur,state_ut,Integrated,,,,persons_reported_passed_out,33,183,https://aishe.gov.in/document-category/aishe-final-reports/,blank_cells_are_missing_not_zero;actual_response_not_available_workforce,passout_total_missing
2022-23,Manipur,state_ut,Grand Total,13919,15418,29337,persons_reported_passed_out,33,183,https://aishe.gov.in/document-category/aishe-final-reports/,blank_cells_are_missing_not_zero;actual_response_not_available_workforce,aggregate_total_excluded_to_prevent_double_counting
2022-23,Meghalaya,state_ut,Grand Total,8772,12455,21227,persons_reported_passed_out,33,183,https://aishe.gov.in/document-category/aishe-final-reports/,blank_cells_are_missing_not_zero;actual_response_not_available_workforce,aggregate_total_excluded_to_prevent_double_counting
2022-23,Mizoram,state_ut,Grand Total,5317,5938,11255,persons_reported_passed_out,33,183,https://aishe.gov.in/document-category/aishe-final-reports/,blank_cells_are_missing_not_zero;actual_response_not_available_workforce,aggregate_total_excluded_to_prevent_double_counting
2022-23,Nagaland,state_ut,Integrated,,,,persons_reported_passed_out,33,183,https://aishe.gov.in/document-category/aishe-final-reports/,blank_cells_are_missing_not_zero;actual_response_not_available_workforce,passout_total_missing
2022-23,Nagaland,state_ut,Grand Total,6453,8238,14691,persons_reported_passed_out,33,183,https://aishe.gov.in/document-category/aishe-final-reports/,blank_cells_are_missing_not_zero;actual_response_not_available_workforce,aggregate_total_excluded_to_prevent_double_counting
2022-23,Odisha,state_ut,Grand Total,132864,127137,260001,persons_reported_passed_out,33,183,https://aishe.gov.in/document-category/aishe-final-reports/,blank_cells_are_missing_not_zero;actual_response_not_available_workforce,aggregate_total_excluded_to_prevent_double_counting
2022-23,Puducherry,state_ut,Grand Total,9559,12073,21632,persons_reported_passed_out,33,183,https://aishe.gov.in/document-category/aishe-final-reports/,blank_cells_are_missing_not_zero;actual_response_not_available_workforce,aggregate_total_excluded_to_prevent_double_counting
2022-23,Punjab,state_ut,Grand Total,98532,121782,220314,persons_reported_passed_out,33,183,https://aishe.gov.in/document-category/aishe-final-reports/,blank_cells_are_missing_not_zero;actual_response_not_available_workforce,aggregate_total_excluded_to_prevent_double_counting
2022-23,Rajasthan,state_ut,Grand Total,357715,380492,738207,persons_reported_passed_out,33,183,https://aishe.gov.in/document-category/aishe-final-reports/,blank_cells_are_missing_not_zero;actual_response_not_available_workforce,aggregate_total_excluded_to_prevent_double_counting
2022-23,Sikkim,state_ut,Certificate,,,,persons_reported_passed_out,33,183,https://aishe.gov.in/document-category/aishe-final-reports/,blank_cells_are_missing_not_zero;actual_response_not_available_workforce,passout_total_missing
2022-23,Sikkim,state_ut,Grand Total,3890,4086,7976,persons_reported_passed_out,33,183,https://aishe.gov.in/document-category/aishe-final-reports/,blank_cells_are_missing_not_zero;actual_response_not_available_workforce,aggregate_total_excluded_to_prevent_double_counting
2022-23,Tamil Nadu,state_ut,Grand Total,381991,472912,854903,persons_reported_passed_out,33,183,https://aishe.gov.in/document-category/aishe-final-reports/,blank_cells_are_missing_not_zero;actual_response_not_available_workforce,aggregate_total_excluded_to_prevent_double_counting
2022-23,Telangana,state_ut,Grand Total,153034,183536,336570,persons_reported_passed_out,33,183,https://aishe.gov.in/document-category/aishe-final-reports/,blank_cells_are_missing_not_zero;actual_response_not_available_workforce,aggregate_total_excluded_to_prevent_double_counting
2022-23,D & N Haveli and Daman & Diu,state_ut,Certificate,,,,persons_reported_passed_out,33,183,https://aishe.gov.in/document-category/aishe-final-reports/,blank_cells_are_missing_not_zero;actual_response_not_available_workforce,passout_total_missing
2022-23,D & N Haveli and Daman & Diu,state_ut,Grand Total,1238,1436,2674,persons_reported_passed_out,33,183,https://aishe.gov.in/document-category/aishe-final-reports/,blank_cells_are_missing_not_zero;actual_response_not_available_workforce,aggregate_total_excluded_to_prevent_double_counting
2022-23,Tripura,state_ut,Grand Total,11637,12025,23662,persons_reported_passed_out,33,183,https://aishe.gov.in/document-category/aishe-final-reports/,blank_cells_are_missing_not_zero;actual_response_not_available_workforce,aggregate_total_excluded_to_prevent_double_counting
2022-23,Uttar Pradesh,state_ut,Grand Total,931753,939077,1870830,persons_reported_passed_out,33,183,https://aishe.gov.in/document-category/aishe-final-reports/,blank_cells_are_missing_not_zero;actual_response_not_available_workforce,aggregate_total_excluded_to_prevent_double_counting
2022-23,Uttarakhand,state_ut,Grand Total,63767,69812,133579,persons_reported_passed_out,33,183,https://aishe.gov.in/document-category/aishe-final-reports/,blank_cells_are_missing_not_zero;actual_response_not_available_workforce,aggregate_total_excluded_to_prevent_double_counting
2022-23,West Bengal,state_ut,Grand Total,272756,293352,566108,persons_reported_passed_out,33,183,https://aishe.gov.in/document-category/aishe-final-reports/,blank_cells_are_missing_not_zero;actual_response_not_available_workforce,aggregate_total_excluded_to_prevent_double_counting
2022-23,All India,country,Certificate,27791,25118,52909,persons_reported_passed_out,33,183,https://aishe.gov.in/document-category/aishe-final-reports/,blank_cells_are_missing_not_zero;actual_response_not_available_workforce,aggregate_total_excluded_to_prevent_double_counting
2022-23,All India,country,Integrated,43046,40099,83145,persons_reported_passed_out,33,183,https://aishe.gov.in/document-category/aishe-final-reports/,blank_cells_are_missing_not_zero;actual_response_not_available_workforce,aggregate_total_excluded_to_prevent_double_counting
2022-23,All India,country,Grand Total,5310689,5634882,10945571,persons_reported_passed_out,33,183,https://aishe.gov.in/document-category/aishe-final-reports/,blank_cells_are_missing_not_zero;actual_response_not_available_workforce,aggregate_total_excluded_to_prevent_double_counting
2023-24,A & N Islands,state_ut,Ph.D.,,,,persons_reported_passed_out,33,188,https://aishe.gov.in/document-category/aishe-final-reports/,blank_cells_are_missing_not_zero;actual_response_not_available_workforce,passout_total_missing
2023-24,A & N Islands,state_ut,M.Phil.,,,,persons_reported_passed_out,33,188,https://aishe.gov.in/document-category/aishe-final-reports/,blank_cells_are_missing_not_zero;actual_response_not_available_workforce,passout_total_missing
2023-24,A & N Islands,state_ut,Post Graduate,,,,persons_reported_passed_out,33,188,https://aishe.gov.in/document-category/aishe-final-reports/,blank_cells_are_missing_not_zero;actual_response_not_available_workforce,passout_total_missing
2023-24,Andhra Pradesh,state_ut,M.Phil.,,,,persons_reported_passed_out,33,188,https://aishe.gov.in/document-category/aishe-final-reports/,blank_cells_are_missing_not_zero;actual_response_not_available_workforce,passout_total_missing
2023-24,Arunachal Pradesh,state_ut,M.Phil.,,,,persons_reported_passed_out,33,188,https://aishe.gov.in/document-category/aishe-final-reports/,blank_cells_are_missing_not_zero;actual_response_not_available_workforce,passout_total_missing
2023-24,Bihar,state_ut,M.Phil.,,,,persons_reported_passed_out,33,188,https://aishe.gov.in/document-category/aishe-final-reports/,blank_cells_are_missing_not_zero;actual_response_not_available_workforce,passout_total_missing
2023-24,Chandigarh,state_ut,M.Phil.,,,,persons_reported_passed_out,33,188,https://aishe.gov.in/document-category/aishe-final-reports/,blank_cells_are_missing_not_zero;actual_response_not_available_workforce,passout_total_missing
2023-24,Himachal Pradesh,state_ut,M.Phil.,,,,persons_reported_passed_out,33,188,https://aishe.gov.in/document-category/aishe-final-reports/,blank_cells_are_missing_not_zero;actual_response_not_available_workforce,passout_total_missing
2023-24,Jammu and Kashmir,state_ut,M.Phil.,,,,persons_reported_passed_out,33,188,https://aishe.gov.in/document-category/aishe-final-reports/,blank_cells_are_missing_not_zero;actual_response_not_available_workforce,passout_total_missing
2023-24,Ladakh,state_ut,Ph.D.,,,,persons_reported_passed_out,33,188,https://aishe.gov.in/document-category/aishe-final-reports/,blank_cells_are_missing_not_zero;actual_response_not_available_workforce,passout_total_missing
2023-24,Ladakh,state_ut,M.Phil.,,,,persons_reported_passed_out,33,188,https://aishe.gov.in/document-category/aishe-final-reports/,blank_cells_are_missing_not_zero;actual_response_not_available_workforce,passout_total_missing
2023-24,Lakshadweep,state_ut,Ph.D.,,,,persons_reported_passed_out,33,188,https://aishe.gov.in/document-category/aishe-final-reports/,blank_cells_are_missing_not_zero;actual_response_not_available_workforce,passout_total_missing
2023-24,Lakshadweep,state_ut,M.Phil.,,,,persons_reported_passed_out,33,188,https://aishe.gov.in/document-category/aishe-final-reports/,blank_cells_are_missing_not_zero;actual_response_not_available_workforce,passout_total_missing
2023-24,Lakshadweep,state_ut,Post Graduate,,,,persons_reported_passed_out,33,188,https://aishe.gov.in/document-category/aishe-final-reports/,blank_cells_are_missing_not_zero;actual_response_not_available_workforce,passout_total_missing
2023-24,Meghalaya,state_ut,M.Phil.,,,,persons_reported_passed_out,33,188,https://aishe.gov.in/document-category/aishe-final-reports/,blank_cells_are_missing_not_zero;actual_response_not_available_workforce,passout_total_missing
2023-24,Mizoram,state_ut,M.Phil.,,,,persons_reported_passed_out,33,188,https://aishe.gov.in/document-category/aishe-final-reports/,blank_cells_are_missing_not_zero;actual_response_not_available_workforce,passout_total_missing
2023-24,Nagaland,state_ut,M.Phil.,,,,persons_reported_passed_out,33,188,https://aishe.gov.in/document-category/aishe-final-reports/,blank_cells_are_missing_not_zero;actual_response_not_available_workforce,passout_total_missing
2023-24,Puducherry,state_ut,M.Phil.,,,,persons_reported_passed_out,33,188,https://aishe.gov.in/document-category/aishe-final-reports/,blank_cells_are_missing_not_zero;actual_response_not_available_workforce,passout_total_missing
2023-24,Sikkim,state_ut,M.Phil.,,,,persons_reported_passed_out,33,188,https://aishe.gov.in/document-category/aishe-final-reports/,blank_cells_are_missing_not_zero;actual_response_not_available_workforce,passout_total_missing
2023-24,D & N Haveli and Daman & Diu,state_ut,Ph.D.,,,,persons_reported_passed_out,33,188,https://aishe.gov.in/document-category/aishe-final-reports/,blank_cells_are_missing_not_zero;actual_response_not_available_workforce,passout_total_missing
2023-24,D & N Haveli and Daman & Diu,state_ut,M.Phil.,,,,persons_reported_passed_out,33,188,https://aishe.gov.in/document-category/aishe-final-reports/,blank_cells_are_missing_not_zero;actual_response_not_available_workforce,passout_total_missing
2023-24,Tripura,state_ut,M.Phil.,,,,persons_reported_passed_out,33,188,https://aishe.gov.in/document-category/aishe-final-reports/,blank_cells_are_missing_not_zero;actual_response_not_available_workforce,passout_total_missing
2023-24,Uttarakhand,state_ut,M.Phil.,,,,persons_reported_passed_out,33,188,https://aishe.gov.in/document-category/aishe-final-reports/,blank_cells_are_missing_not_zero;actual_response_not_available_workforce,passout_total_missing
2023-24,All India,country,Ph.D.,19860,17741,37601,persons_reported_passed_out,33,188,https://aishe.gov.in/document-category/aishe-final-reports/,blank_cells_are_missing_not_zero;actual_response_not_available_workforce,aggregate_total_excluded_to_prevent_double_counting
2023-24,All India,country,M.Phil.,235,597,832,persons_reported_passed_out,33,188,https://aishe.gov.in/document-category/aishe-final-reports/,blank_cells_are_missing_not_zero;actual_response_not_available_workforce,aggregate_total_excluded_to_prevent_double_counting
2023-24,All India,country,Post Graduate,804086,1111669,1915755,persons_reported_passed_out,33,188,https://aishe.gov.in/document-category/aishe-final-reports/,blank_cells_are_missing_not_zero;actual_response_not_available_workforce,aggregate_total_excluded_to_prevent_double_counting
2023-24,A & N Islands,state_ut,PG Diploma,,,,persons_reported_passed_out,33,189,https://aishe.gov.in/document-category/aishe-final-reports/,blank_cells_are_missing_not_zero;actual_response_not_available_workforce,passout_total_missing
2023-24,Ladakh,state_ut,PG Diploma,,,,persons_reported_passed_out,33,189,https://aishe.gov.in/document-category/aishe-final-reports/,blank_cells_are_missing_not_zero;actual_response_not_available_workforce,passout_total_missing
2023-24,Lakshadweep,state_ut,PG Diploma,,,,persons_reported_passed_out,33,189,https://aishe.gov.in/document-category/aishe-final-reports/,blank_cells_are_missing_not_zero;actual_response_not_available_workforce,passout_total_missing
2023-24,Mizoram,state_ut,PG Diploma,,,,persons_reported_passed_out,33,189,https://aishe.gov.in/document-category/aishe-final-reports/,blank_cells_are_missing_not_zero;actual_response_not_available_workforce,passout_total_missing
2023-24,All India,country,Under Graduate,3765474,4010081,7775555,persons_reported_passed_out,33,189,https://aishe.gov.in/document-category/aishe-final-reports/,blank_cells_are_missing_not_zero;actual_response_not_available_workforce,aggregate_total_excluded_to_prevent_double_counting
2023-24,All India,country,PG Diploma,64358,68627,132985,persons_reported_passed_out,33,189,https://aishe.gov.in/document-category/aishe-final-reports/,blank_cells_are_missing_not_zero;actual_response_not_available_workforce,aggregate_total_excluded_to_prevent_double_counting
2023-24,All India,country,Diploma,503622,405528,909150,persons_reported_passed_out,33,189,https://aishe.gov.in/document-category/aishe-final-reports/,blank_cells_are_missing_not_zero;actual_response_not_available_workforce,aggregate_total_excluded_to_prevent_double_counting
2023-24,A & N Islands,state_ut,Certificate,,,,persons_reported_passed_out,33,190,https://aishe.gov.in/document-category/aishe-final-reports/,blank_cells_are_missing_not_zero;actual_response_not_available_workforce,passout_total_missing
2023-24,A & N Islands,state_ut,Grand Total,213,255,468,persons_reported_passed_out,33,190,https://aishe.gov.in/document-category/aishe-final-reports/,blank_cells_are_missing_not_zero;actual_response_not_available_workforce,aggregate_total_excluded_to_prevent_double_counting
2023-24,Andhra Pradesh,state_ut,Grand Total,212133,217324,429457,persons_reported_passed_out,33,190,https://aishe.gov.in/document-category/aishe-final-reports/,blank_cells_are_missing_not_zero;actual_response_not_available_workforce,aggregate_total_excluded_to_prevent_double_counting
2023-24,Arunachal Pradesh,state_ut,Grand Total,7040,6680,13720,persons_reported_passed_out,33,190,https://aishe.gov.in/document-category/aishe-final-reports/,blank_cells_are_missing_not_zero;actual_response_not_available_workforce,aggregate_total_excluded_to_prevent_double_counting
2023-24,Assam,state_ut,Grand Total,64320,81570,145890,persons_reported_passed_out,33,190,https://aishe.gov.in/document-category/aishe-final-reports/,blank_cells_are_missing_not_zero;actual_response_not_available_workforce,aggregate_total_excluded_to_prevent_double_counting
2023-24,Bihar,state_ut,Grand Total,332118,315985,648103,persons_reported_passed_out,33,190,https://aishe.gov.in/document-category/aishe-final-reports/,blank_cells_are_missing_not_zero;actual_response_not_available_workforce,aggregate_total_excluded_to_prevent_double_counting
2023-24,Chandigarh,state_ut,Grand Total,9895,13775,23670,persons_reported_passed_out,33,190,https://aishe.gov.in/document-category/aishe-final-reports/,blank_cells_are_missing_not_zero;actual_response_not_available_workforce,aggregate_total_excluded_to_prevent_double_counting
2023-24,Chhattisgarh,state_ut,Grand Total,102436,136340,238776,persons_reported_passed_out,33,190,https://aishe.gov.in/document-category/aishe-final-reports/,blank_cells_are_missing_not_zero;actual_response_not_available_workforce,aggregate_total_excluded_to_prevent_double_counting
2023-24,Delhi,state_ut,Grand Total,249951,279925,529876,persons_reported_passed_out,33,190,https://aishe.gov.in/document-category/aishe-final-reports/,blank_cells_are_missing_not_zero;actual_response_not_available_workforce,aggregate_total_excluded_to_prevent_double_counting
2023-24,Goa,state_ut,Grand Total,7365,7805,15170,persons_reported_passed_out,33,190,https://aishe.gov.in/document-category/aishe-final-reports/,blank_cells_are_missing_not_zero;actual_response_not_available_workforce,aggregate_total_excluded_to_prevent_double_counting
2023-24,Gujarat,state_ut,Grand Total,233448,225294,458742,persons_reported_passed_out,33,190,https://aishe.gov.in/document-category/aishe-final-reports/,blank_cells_are_missing_not_zero;actual_response_not_available_workforce,aggregate_total_excluded_to_prevent_double_counting
2023-24,Haryana,state_ut,Grand Total,99328,148105,247433,persons_reported_passed_out,33,190,https://aishe.gov.in/document-category/aishe-final-reports/,blank_cells_are_missing_not_zero;actual_response_not_available_workforce,aggregate_total_excluded_to_prevent_double_counting
2023-24,Himachal Pradesh,state_ut,Grand Total,27085,40350,67435,persons_reported_passed_out,33,190,https://aishe.gov.in/document-category/aishe-final-reports/,blank_cells_are_missing_not_zero;actual_response_not_available_workforce,aggregate_total_excluded_to_prevent_double_counting
2023-24,Jammu and Kashmir,state_ut,Grand Total,24453,36053,60506,persons_reported_passed_out,33,190,https://aishe.gov.in/document-category/aishe-final-reports/,blank_cells_are_missing_not_zero;actual_response_not_available_workforce,aggregate_total_excluded_to_prevent_double_counting
2023-24,Jharkhand,state_ut,Grand Total,107405,113161,220566,persons_reported_passed_out,33,190,https://aishe.gov.in/document-category/aishe-final-reports/,blank_cells_are_missing_not_zero;actual_response_not_available_workforce,aggregate_total_excluded_to_prevent_double_counting
2023-24,Karnataka,state_ut,Grand Total,286611,321888,608499,persons_reported_passed_out,33,190,https://aishe.gov.in/document-category/aishe-final-reports/,blank_cells_are_missing_not_zero;actual_response_not_available_workforce,aggregate_total_excluded_to_prevent_double_counting
2023-24,Kerala,state_ut,Grand Total,87593,165027,252620,persons_reported_passed_out,33,190,https://aishe.gov.in/document-category/aishe-final-reports/,blank_cells_are_missing_not_zero;actual_response_not_available_workforce,aggregate_total_excluded_to_prevent_double_counting
2023-24,Ladakh,state_ut,Integrated,,,,persons_reported_passed_out,33,190,https://aishe.gov.in/document-category/aishe-final-reports/,blank_cells_are_missing_not_zero;actual_response_not_available_workforce,passout_total_missing
2023-24,Ladakh,state_ut,Grand Total,395,670,1065,persons_reported_passed_out,33,190,https://aishe.gov.in/document-category/aishe-final-reports/,blank_cells_are_missing_not_zero;actual_response_not_available_workforce,aggregate_total_excluded_to_prevent_double_counting
2023-24,Lakshadweep,state_ut,Certificate,,,,persons_reported_passed_out,33,190,https://aishe.gov.in/document-category/aishe-final-reports/,blank_cells_are_missing_not_zero;actual_response_not_available_workforce,passout_total_missing
2023-24,Lakshadweep,state_ut,Integrated,,,,persons_reported_passed_out,33,190,https://aishe.gov.in/document-category/aishe-final-reports/,blank_cells_are_missing_not_zero;actual_response_not_available_workforce,passout_total_missing
2023-24,Lakshadweep,state_ut,Grand Total,33,161,194,persons_reported_passed_out,33,190,https://aishe.gov.in/document-category/aishe-final-reports/,blank_cells_are_missing_not_zero;actual_response_not_available_workforce,aggregate_total_excluded_to_prevent_double_counting
2023-24,Madhya Pradesh,state_ut,Grand Total,380697,392127,772824,persons_reported_passed_out,33,190,https://aishe.gov.in/document-category/aishe-final-reports/,blank_cells_are_missing_not_zero;actual_response_not_available_workforce,aggregate_total_excluded_to_prevent_double_counting
2023-24,Maharashtra,state_ut,Grand Total,551087,511060,1062147,persons_reported_passed_out,33,190,https://aishe.gov.in/document-category/aishe-final-reports/,blank_cells_are_missing_not_zero;actual_response_not_available_workforce,aggregate_total_excluded_to_prevent_double_counting
2023-24,Manipur,state_ut,Grand Total,14222,15713,29935,persons_reported_passed_out,33,190,https://aishe.gov.in/document-category/aishe-final-reports/,blank_cells_are_missing_not_zero;actual_response_not_available_workforce,aggregate_total_excluded_to_prevent_double_counting
2023-24,Meghalaya,state_ut,Grand Total,8547,12402,20949,persons_reported_passed_out,33,190,https://aishe.gov.in/document-category/aishe-final-reports/,blank_cells_are_missing_not_zero;actual_response_not_available_workforce,aggregate_total_excluded_to_prevent_double_counting
2023-24,Mizoram,state_ut,Grand Total,6567,8051,14618,persons_reported_passed_out,33,190,https://aishe.gov.in/document-category/aishe-final-reports/,blank_cells_are_missing_not_zero;actual_response_not_available_workforce,aggregate_total_excluded_to_prevent_double_counting
2023-24,Nagaland,state_ut,Integrated,,,,persons_reported_passed_out,33,190,https://aishe.gov.in/document-category/aishe-final-reports/,blank_cells_are_missing_not_zero;actual_response_not_available_workforce,passout_total_missing
2023-24,Nagaland,state_ut,Grand Total,5733,7655,13388,persons_reported_passed_out,33,190,https://aishe.gov.in/document-category/aishe-final-reports/,blank_cells_are_missing_not_zero;actual_response_not_available_workforce,aggregate_total_excluded_to_prevent_double_counting
2023-24,Odisha,state_ut,Grand Total,138646,133452,272098,persons_reported_passed_out,33,190,https://aishe.gov.in/document-category/aishe-final-reports/,blank_cells_are_missing_not_zero;actual_response_not_available_workforce,aggregate_total_excluded_to_prevent_double_counting
2023-24,Puducherry,state_ut,Certificate,,,,persons_reported_passed_out,33,190,https://aishe.gov.in/document-category/aishe-final-reports/,blank_cells_are_missing_not_zero;actual_response_not_available_workforce,passout_total_missing
2023-24,Puducherry,state_ut,Grand Total,9930,14018,23948,persons_reported_passed_out,33,190,https://aishe.gov.in/document-category/aishe-final-reports/,blank_cells_are_missing_not_zero;actual_response_not_available_workforce,aggregate_total_excluded_to_prevent_double_counting
2023-24,Punjab,state_ut,Grand Total,96950,123089,220039,persons_reported_passed_out,33,190,https://aishe.gov.in/document-category/aishe-final-reports/,blank_cells_are_missing_not_zero;actual_response_not_available_workforce,aggregate_total_excluded_to_prevent_double_counting
2023-24,Rajasthan,state_ut,Grand Total,365015,394993,760008,persons_reported_passed_out,33,190,https://aishe.gov.in/document-category/aishe-final-reports/,blank_cells_are_missing_not_zero;actual_response_not_available_workforce,aggregate_total_excluded_to_prevent_double_counting
2023-24,Sikkim,state_ut,Grand Total,3737,4131,7868,persons_reported_passed_out,33,190,https://aishe.gov.in/document-category/aishe-final-reports/,blank_cells_are_missing_not_zero;actual_response_not_available_workforce,aggregate_total_excluded_to_prevent_double_counting
2023-24,Tamil Nadu,state_ut,Grand Total,394856,479179,874035,persons_reported_passed_out,33,190,https://aishe.gov.in/document-category/aishe-final-reports/,blank_cells_are_missing_not_zero;actual_response_not_available_workforce,aggregate_total_excluded_to_prevent_double_counting
2023-24,Telangana,state_ut,Grand Total,161249,185202,346451,persons_reported_passed_out,33,190,https://aishe.gov.in/document-category/aishe-final-reports/,blank_cells_are_missing_not_zero;actual_response_not_available_workforce,aggregate_total_excluded_to_prevent_double_counting
2023-24,D & N Haveli and Daman & Diu,state_ut,Certificate,,,,persons_reported_passed_out,33,190,https://aishe.gov.in/document-category/aishe-final-reports/,blank_cells_are_missing_not_zero;actual_response_not_available_workforce,passout_total_missing
2023-24,D & N Haveli and Daman & Diu,state_ut,Grand Total,1202,1486,2688,persons_reported_passed_out,33,190,https://aishe.gov.in/document-category/aishe-final-reports/,blank_cells_are_missing_not_zero;actual_response_not_available_workforce,aggregate_total_excluded_to_prevent_double_counting
2023-24,Tripura,state_ut,Grand Total,11838,12858,24696,persons_reported_passed_out,33,190,https://aishe.gov.in/document-category/aishe-final-reports/,blank_cells_are_missing_not_zero;actual_response_not_available_workforce,aggregate_total_excluded_to_prevent_double_counting
2023-24,Uttar Pradesh,state_ut,Grand Total,956290,992806,1949096,persons_reported_passed_out,33,190,https://aishe.gov.in/document-category/aishe-final-reports/,blank_cells_are_missing_not_zero;actual_response_not_available_workforce,aggregate_total_excluded_to_prevent_double_counting
2023-24,Uttarakhand,state_ut,Grand Total,61046,66057,127103,persons_reported_passed_out,33,190,https://aishe.gov.in/document-category/aishe-final-reports/,blank_cells_are_missing_not_zero;actual_response_not_available_workforce,aggregate_total_excluded_to_prevent_double_counting
2023-24,West Bengal,state_ut,Grand Total,227876,241189,469065,persons_reported_passed_out,33,190,https://aishe.gov.in/document-category/aishe-final-reports/,blank_cells_are_missing_not_zero;actual_response_not_available_workforce,aggregate_total_excluded_to_prevent_double_counting
2023-24,All India,country,Certificate,40116,43919,84035,persons_reported_passed_out,33,190,https://aishe.gov.in/document-category/aishe-final-reports/,blank_cells_are_missing_not_zero;actual_response_not_available_workforce,aggregate_total_excluded_to_prevent_double_counting
2023-24,All India,country,Integrated,49559,47674,97233,persons_reported_passed_out,33,190,https://aishe.gov.in/document-category/aishe-final-reports/,blank_cells_are_missing_not_zero;actual_response_not_available_workforce,aggregate_total_excluded_to_prevent_double_counting
2023-24,All India,country,Grand Total,5247310,5705836,10953146,persons_reported_passed_out,33,190,https://aishe.gov.in/document-category/aishe-final-reports/,blank_cells_are_missing_not_zero;actual_response_not_available_workforce,aggregate_total_excluded_to_prevent_double_counting
