source_id,geography,geography_level,year,year_type,frequency,quarter,month,indicator,value,unit,sector,gender,age_group,reference_status,education,religion,social_group,role_scope,use,available_analyst_supply,methodology_note,evidence_file,source_url
mospi_plfs_api,Maharashtra,state,2017-18,Agriculture Year,Annually,all,,"LFPR (Labour Force Participation Rate, in per cent)",48.2,percent,urban,person,15 years and above,PS+SS,all,all,all,all_roles,workforce_baseline_only,false,"2025 survey redesign: do not concatenate pre/post redesign as homogeneous series; empty dimensions mean publisher unspecified, not all",data/raw/public_labour/public-labour-20261001-v2/data_f1_i1_y1.json,https://api.mospi.gov.in/api/plfs/getData?indicator_code=1&frequency_code=1&gender_code=3&age_code=1&sector_code=2&limit=200&page=1&state_code=16&year_type_code=1&weekly_status_code=1&education_code=0&religion_code=1&social_category_code=1
mospi_plfs_api,Maharashtra,state,2018-19,Agriculture Year,Annually,all,,"LFPR (Labour Force Participation Rate, in per cent)",48.0,percent,urban,person,15 years and above,PS+SS,all,all,all,all_roles,workforce_baseline_only,false,"2025 survey redesign: do not concatenate pre/post redesign as homogeneous series; empty dimensions mean publisher unspecified, not all",data/raw/public_labour/public-labour-20261001-v2/data_f1_i1_y1.json,https://api.mospi.gov.in/api/plfs/getData?indicator_code=1&frequency_code=1&gender_code=3&age_code=1&sector_code=2&limit=200&page=1&state_code=16&year_type_code=1&weekly_status_code=1&education_code=0&religion_code=1&social_category_code=1
mospi_plfs_api,Maharashtra,state,2019-20,Agriculture Year,Annually,all,,"LFPR (Labour Force Participation Rate, in per cent)",50.1,percent,urban,person,15 years and above,PS+SS,all,all,all,all_roles,workforce_baseline_only,false,"2025 survey redesign: do not concatenate pre/post redesign as homogeneous series; empty dimensions mean publisher unspecified, not all",data/raw/public_labour/public-labour-20261001-v2/data_f1_i1_y1.json,https://api.mospi.gov.in/api/plfs/getData?indicator_code=1&frequency_code=1&gender_code=3&age_code=1&sector_code=2&limit=200&page=1&state_code=16&year_type_code=1&weekly_status_code=1&education_code=0&religion_code=1&social_category_code=1
mospi_plfs_api,Maharashtra,state,2020-21,Agriculture Year,Annually,all,,"LFPR (Labour Force Participation Rate, in per cent)",49.3,percent,urban,person,15 years and above,PS+SS,all,all,all,all_roles,workforce_baseline_only,false,"2025 survey redesign: do not concatenate pre/post redesign as homogeneous series; empty dimensions mean publisher unspecified, not all",data/raw/public_labour/public-labour-20261001-v2/data_f1_i1_y1.json,https://api.mospi.gov.in/api/plfs/getData?indicator_code=1&frequency_code=1&gender_code=3&age_code=1&sector_code=2&limit=200&page=1&state_code=16&year_type_code=1&weekly_status_code=1&education_code=0&religion_code=1&social_category_code=1
mospi_plfs_api,Maharashtra,state,2021-22,Agriculture Year,Annually,all,,"LFPR (Labour Force Participation Rate, in per cent)",52.0,percent,urban,person,15 years and above,PS+SS,all,all,all,all_roles,workforce_baseline_only,false,"2025 survey redesign: do not concatenate pre/post redesign as homogeneous series; empty dimensions mean publisher unspecified, not all",data/raw/public_labour/public-labour-20261001-v2/data_f1_i1_y1.json,https://api.mospi.gov.in/api/plfs/getData?indicator_code=1&frequency_code=1&gender_code=3&age_code=1&sector_code=2&limit=200&page=1&state_code=16&year_type_code=1&weekly_status_code=1&education_code=0&religion_code=1&social_category_code=1
mospi_plfs_api,Maharashtra,state,2022-23,Agriculture Year,Annually,all,,"LFPR (Labour Force Participation Rate, in per cent)",52.4,percent,urban,person,15 years and above,PS+SS,all,all,all,all_roles,workforce_baseline_only,false,"2025 survey redesign: do not concatenate pre/post redesign as homogeneous series; empty dimensions mean publisher unspecified, not all",data/raw/public_labour/public-labour-20261001-v2/data_f1_i1_y1.json,https://api.mospi.gov.in/api/plfs/getData?indicator_code=1&frequency_code=1&gender_code=3&age_code=1&sector_code=2&limit=200&page=1&state_code=16&year_type_code=1&weekly_status_code=1&education_code=0&religion_code=1&social_category_code=1
mospi_plfs_api,Maharashtra,state,2023-24,Agriculture Year,Annually,all,,"LFPR (Labour Force Participation Rate, in per cent)",53.6,percent,urban,person,15 years and above,PS+SS,all,all,all,all_roles,workforce_baseline_only,false,"2025 survey redesign: do not concatenate pre/post redesign as homogeneous series; empty dimensions mean publisher unspecified, not all",data/raw/public_labour/public-labour-20261001-v2/data_f1_i1_y1.json,https://api.mospi.gov.in/api/plfs/getData?indicator_code=1&frequency_code=1&gender_code=3&age_code=1&sector_code=2&limit=200&page=1&state_code=16&year_type_code=1&weekly_status_code=1&education_code=0&religion_code=1&social_category_code=1
mospi_plfs_api,Maharashtra,state,2022,Calendar Year,Annually,,,"LFPR (Labour Force Participation Rate, in per cent)",51.5,percent,urban,person,15 years and above,PS+SS,all,all,all,all_roles,workforce_baseline_only,false,"2025 survey redesign: do not concatenate pre/post redesign as homogeneous series; empty dimensions mean publisher unspecified, not all",data/raw/public_labour/public-labour-20261001-v2/data_f1_i1_y2.json,https://api.mospi.gov.in/api/plfs/getData?indicator_code=1&frequency_code=1&gender_code=3&age_code=1&sector_code=2&limit=200&page=1&state_code=16&year_type_code=2&weekly_status_code=1&education_code=0&religion_code=1&social_category_code=1
mospi_plfs_api,Maharashtra,state,2023,Calendar Year,Annually,,,"LFPR (Labour Force Participation Rate, in per cent)",53.1,percent,urban,person,15 years and above,PS+SS,all,all,all,all_roles,workforce_baseline_only,false,"2025 survey redesign: do not concatenate pre/post redesign as homogeneous series; empty dimensions mean publisher unspecified, not all",data/raw/public_labour/public-labour-20261001-v2/data_f1_i1_y2.json,https://api.mospi.gov.in/api/plfs/getData?indicator_code=1&frequency_code=1&gender_code=3&age_code=1&sector_code=2&limit=200&page=1&state_code=16&year_type_code=2&weekly_status_code=1&education_code=0&religion_code=1&social_category_code=1
mospi_plfs_api,Maharashtra,state,2024,Calendar Year,Annually,,,"LFPR (Labour Force Participation Rate, in per cent)",54.2,percent,urban,person,15 years and above,PS+SS,all,all,all,all_roles,workforce_baseline_only,false,"2025 survey redesign: do not concatenate pre/post redesign as homogeneous series; empty dimensions mean publisher unspecified, not all",data/raw/public_labour/public-labour-20261001-v2/data_f1_i1_y2.json,https://api.mospi.gov.in/api/plfs/getData?indicator_code=1&frequency_code=1&gender_code=3&age_code=1&sector_code=2&limit=200&page=1&state_code=16&year_type_code=2&weekly_status_code=1&education_code=0&religion_code=1&social_category_code=1
mospi_plfs_api,Maharashtra,state,2025,Calendar Year,Annually,,,"LFPR (Labour Force Participation Rate, in per cent)",52.4,percent,urban,person,15 years and above,PS+SS,all,all,all,all_roles,workforce_baseline_only,false,"2025 survey redesign: do not concatenate pre/post redesign as homogeneous series; empty dimensions mean publisher unspecified, not all",data/raw/public_labour/public-labour-20261001-v2/data_f1_i1_y2.json,https://api.mospi.gov.in/api/plfs/getData?indicator_code=1&frequency_code=1&gender_code=3&age_code=1&sector_code=2&limit=200&page=1&state_code=16&year_type_code=2&weekly_status_code=1&education_code=0&religion_code=1&social_category_code=1
mospi_plfs_api,Maharashtra,state,2017-18,Agriculture Year,Annually,all,,"WPR (Worker Population Ratio, in per cent)",44.7,percent,urban,person,15 years and above,PS+SS,all,all,all,all_roles,workforce_baseline_only,false,"2025 survey redesign: do not concatenate pre/post redesign as homogeneous series; empty dimensions mean publisher unspecified, not all",data/raw/public_labour/public-labour-20261001-v2/data_f1_i2_y1.json,https://api.mospi.gov.in/api/plfs/getData?indicator_code=2&frequency_code=1&gender_code=3&age_code=1&sector_code=2&limit=200&page=1&state_code=16&year_type_code=1&weekly_status_code=1&education_code=0&religion_code=1&social_category_code=1
mospi_plfs_api,Maharashtra,state,2018-19,Agriculture Year,Annually,all,,"WPR (Worker Population Ratio, in per cent)",44.9,percent,urban,person,15 years and above,PS+SS,all,all,all,all_roles,workforce_baseline_only,false,"2025 survey redesign: do not concatenate pre/post redesign as homogeneous series; empty dimensions mean publisher unspecified, not all",data/raw/public_labour/public-labour-20261001-v2/data_f1_i2_y1.json,https://api.mospi.gov.in/api/plfs/getData?indicator_code=2&frequency_code=1&gender_code=3&age_code=1&sector_code=2&limit=200&page=1&state_code=16&year_type_code=1&weekly_status_code=1&education_code=0&religion_code=1&social_category_code=1
mospi_plfs_api,Maharashtra,state,2019-20,Agriculture Year,Annually,all,,"WPR (Worker Population Ratio, in per cent)",47.8,percent,urban,person,15 years and above,PS+SS,all,all,all,all_roles,workforce_baseline_only,false,"2025 survey redesign: do not concatenate pre/post redesign as homogeneous series; empty dimensions mean publisher unspecified, not all",data/raw/public_labour/public-labour-20261001-v2/data_f1_i2_y1.json,https://api.mospi.gov.in/api/plfs/getData?indicator_code=2&frequency_code=1&gender_code=3&age_code=1&sector_code=2&limit=200&page=1&state_code=16&year_type_code=1&weekly_status_code=1&education_code=0&religion_code=1&social_category_code=1
mospi_plfs_api,Maharashtra,state,2020-21,Agriculture Year,Annually,all,,"WPR (Worker Population Ratio, in per cent)",46.2,percent,urban,person,15 years and above,PS+SS,all,all,all,all_roles,workforce_baseline_only,false,"2025 survey redesign: do not concatenate pre/post redesign as homogeneous series; empty dimensions mean publisher unspecified, not all",data/raw/public_labour/public-labour-20261001-v2/data_f1_i2_y1.json,https://api.mospi.gov.in/api/plfs/getData?indicator_code=2&frequency_code=1&gender_code=3&age_code=1&sector_code=2&limit=200&page=1&state_code=16&year_type_code=1&weekly_status_code=1&education_code=0&religion_code=1&social_category_code=1
mospi_plfs_api,Maharashtra,state,2021-22,Agriculture Year,Annually,all,,"WPR (Worker Population Ratio, in per cent)",49.4,percent,urban,person,15 years and above,PS+SS,all,all,all,all_roles,workforce_baseline_only,false,"2025 survey redesign: do not concatenate pre/post redesign as homogeneous series; empty dimensions mean publisher unspecified, not all",data/raw/public_labour/public-labour-20261001-v2/data_f1_i2_y1.json,https://api.mospi.gov.in/api/plfs/getData?indicator_code=2&frequency_code=1&gender_code=3&age_code=1&sector_code=2&limit=200&page=1&state_code=16&year_type_code=1&weekly_status_code=1&education_code=0&religion_code=1&social_category_code=1
mospi_plfs_api,Maharashtra,state,2022-23,Agriculture Year,Annually,all,,"WPR (Worker Population Ratio, in per cent)",50.0,percent,urban,person,15 years and above,PS+SS,all,all,all,all_roles,workforce_baseline_only,false,"2025 survey redesign: do not concatenate pre/post redesign as homogeneous series; empty dimensions mean publisher unspecified, not all",data/raw/public_labour/public-labour-20261001-v2/data_f1_i2_y1.json,https://api.mospi.gov.in/api/plfs/getData?indicator_code=2&frequency_code=1&gender_code=3&age_code=1&sector_code=2&limit=200&page=1&state_code=16&year_type_code=1&weekly_status_code=1&education_code=0&religion_code=1&social_category_code=1
mospi_plfs_api,Maharashtra,state,2023-24,Agriculture Year,Annually,all,,"WPR (Worker Population Ratio, in per cent)",50.9,percent,urban,person,15 years and above,PS+SS,all,all,all,all_roles,workforce_baseline_only,false,"2025 survey redesign: do not concatenate pre/post redesign as homogeneous series; empty dimensions mean publisher unspecified, not all",data/raw/public_labour/public-labour-20261001-v2/data_f1_i2_y1.json,https://api.mospi.gov.in/api/plfs/getData?indicator_code=2&frequency_code=1&gender_code=3&age_code=1&sector_code=2&limit=200&page=1&state_code=16&year_type_code=1&weekly_status_code=1&education_code=0&religion_code=1&social_category_code=1
mospi_plfs_api,Maharashtra,state,2022,Calendar Year,Annually,,,"WPR (Worker Population Ratio, in per cent)",48.9,percent,urban,person,15 years and above,PS+SS,all,all,all,all_roles,workforce_baseline_only,false,"2025 survey redesign: do not concatenate pre/post redesign as homogeneous series; empty dimensions mean publisher unspecified, not all",data/raw/public_labour/public-labour-20261001-v2/data_f1_i2_y2.json,https://api.mospi.gov.in/api/plfs/getData?indicator_code=2&frequency_code=1&gender_code=3&age_code=1&sector_code=2&limit=200&page=1&state_code=16&year_type_code=2&weekly_status_code=1&education_code=0&religion_code=1&social_category_code=1
mospi_plfs_api,Maharashtra,state,2023,Calendar Year,Annually,,,"WPR (Worker Population Ratio, in per cent)",50.4,percent,urban,person,15 years and above,PS+SS,all,all,all,all_roles,workforce_baseline_only,false,"2025 survey redesign: do not concatenate pre/post redesign as homogeneous series; empty dimensions mean publisher unspecified, not all",data/raw/public_labour/public-labour-20261001-v2/data_f1_i2_y2.json,https://api.mospi.gov.in/api/plfs/getData?indicator_code=2&frequency_code=1&gender_code=3&age_code=1&sector_code=2&limit=200&page=1&state_code=16&year_type_code=2&weekly_status_code=1&education_code=0&religion_code=1&social_category_code=1
mospi_plfs_api,Maharashtra,state,2024,Calendar Year,Annually,,,"WPR (Worker Population Ratio, in per cent)",51.8,percent,urban,person,15 years and above,PS+SS,all,all,all,all_roles,workforce_baseline_only,false,"2025 survey redesign: do not concatenate pre/post redesign as homogeneous series; empty dimensions mean publisher unspecified, not all",data/raw/public_labour/public-labour-20261001-v2/data_f1_i2_y2.json,https://api.mospi.gov.in/api/plfs/getData?indicator_code=2&frequency_code=1&gender_code=3&age_code=1&sector_code=2&limit=200&page=1&state_code=16&year_type_code=2&weekly_status_code=1&education_code=0&religion_code=1&social_category_code=1
mospi_plfs_api,Maharashtra,state,2025,Calendar Year,Annually,,,"WPR (Worker Population Ratio, in per cent)",50.6,percent,urban,person,15 years and above,PS+SS,all,all,all,all_roles,workforce_baseline_only,false,"2025 survey redesign: do not concatenate pre/post redesign as homogeneous series; empty dimensions mean publisher unspecified, not all",data/raw/public_labour/public-labour-20261001-v2/data_f1_i2_y2.json,https://api.mospi.gov.in/api/plfs/getData?indicator_code=2&frequency_code=1&gender_code=3&age_code=1&sector_code=2&limit=200&page=1&state_code=16&year_type_code=2&weekly_status_code=1&education_code=0&religion_code=1&social_category_code=1
mospi_plfs_api,Maharashtra,state,2017-18,Agriculture Year,Annually,all,,"UR (Unemployment Rate, in per cent)",7.4,percent,urban,person,15 years and above,PS+SS,all,all,all,all_roles,workforce_baseline_only,false,"2025 survey redesign: do not concatenate pre/post redesign as homogeneous series; empty dimensions mean publisher unspecified, not all",data/raw/public_labour/public-labour-20261001-v2/data_f1_i3_y1.json,https://api.mospi.gov.in/api/plfs/getData?indicator_code=3&frequency_code=1&gender_code=3&age_code=1&sector_code=2&limit=200&page=1&state_code=16&year_type_code=1&weekly_status_code=1&education_code=0&religion_code=1&social_category_code=1
mospi_plfs_api,Maharashtra,state,2018-19,Agriculture Year,Annually,all,,"UR (Unemployment Rate, in per cent)",6.3,percent,urban,person,15 years and above,PS+SS,all,all,all,all_roles,workforce_baseline_only,false,"2025 survey redesign: do not concatenate pre/post redesign as homogeneous series; empty dimensions mean publisher unspecified, not all",data/raw/public_labour/public-labour-20261001-v2/data_f1_i3_y1.json,https://api.mospi.gov.in/api/plfs/getData?indicator_code=3&frequency_code=1&gender_code=3&age_code=1&sector_code=2&limit=200&page=1&state_code=16&year_type_code=1&weekly_status_code=1&education_code=0&religion_code=1&social_category_code=1
mospi_plfs_api,Maharashtra,state,2019-20,Agriculture Year,Annually,all,,"UR (Unemployment Rate, in per cent)",4.4,percent,urban,person,15 years and above,PS+SS,all,all,all,all_roles,workforce_baseline_only,false,"2025 survey redesign: do not concatenate pre/post redesign as homogeneous series; empty dimensions mean publisher unspecified, not all",data/raw/public_labour/public-labour-20261001-v2/data_f1_i3_y1.json,https://api.mospi.gov.in/api/plfs/getData?indicator_code=3&frequency_code=1&gender_code=3&age_code=1&sector_code=2&limit=200&page=1&state_code=16&year_type_code=1&weekly_status_code=1&education_code=0&religion_code=1&social_category_code=1
mospi_plfs_api,Maharashtra,state,2020-21,Agriculture Year,Annually,all,,"UR (Unemployment Rate, in per cent)",6.5,percent,urban,person,15 years and above,PS+SS,all,all,all,all_roles,workforce_baseline_only,false,"2025 survey redesign: do not concatenate pre/post redesign as homogeneous series; empty dimensions mean publisher unspecified, not all",data/raw/public_labour/public-labour-20261001-v2/data_f1_i3_y1.json,https://api.mospi.gov.in/api/plfs/getData?indicator_code=3&frequency_code=1&gender_code=3&age_code=1&sector_code=2&limit=200&page=1&state_code=16&year_type_code=1&weekly_status_code=1&education_code=0&religion_code=1&social_category_code=1
mospi_plfs_api,Maharashtra,state,2021-22,Agriculture Year,Annually,all,,"UR (Unemployment Rate, in per cent)",5.0,percent,urban,person,15 years and above,PS+SS,all,all,all,all_roles,workforce_baseline_only,false,"2025 survey redesign: do not concatenate pre/post redesign as homogeneous series; empty dimensions mean publisher unspecified, not all",data/raw/public_labour/public-labour-20261001-v2/data_f1_i3_y1.json,https://api.mospi.gov.in/api/plfs/getData?indicator_code=3&frequency_code=1&gender_code=3&age_code=1&sector_code=2&limit=200&page=1&state_code=16&year_type_code=1&weekly_status_code=1&education_code=0&religion_code=1&social_category_code=1
mospi_plfs_api,Maharashtra,state,2022-23,Agriculture Year,Annually,all,,"UR (Unemployment Rate, in per cent)",4.6,percent,urban,person,15 years and above,PS+SS,all,all,all,all_roles,workforce_baseline_only,false,"2025 survey redesign: do not concatenate pre/post redesign as homogeneous series; empty dimensions mean publisher unspecified, not all",data/raw/public_labour/public-labour-20261001-v2/data_f1_i3_y1.json,https://api.mospi.gov.in/api/plfs/getData?indicator_code=3&frequency_code=1&gender_code=3&age_code=1&sector_code=2&limit=200&page=1&state_code=16&year_type_code=1&weekly_status_code=1&education_code=0&religion_code=1&social_category_code=1
mospi_plfs_api,Maharashtra,state,2023-24,Agriculture Year,Annually,all,,"UR (Unemployment Rate, in per cent)",5.2,percent,urban,person,15 years and above,PS+SS,all,all,all,all_roles,workforce_baseline_only,false,"2025 survey redesign: do not concatenate pre/post redesign as homogeneous series; empty dimensions mean publisher unspecified, not all",data/raw/public_labour/public-labour-20261001-v2/data_f1_i3_y1.json,https://api.mospi.gov.in/api/plfs/getData?indicator_code=3&frequency_code=1&gender_code=3&age_code=1&sector_code=2&limit=200&page=1&state_code=16&year_type_code=1&weekly_status_code=1&education_code=0&religion_code=1&social_category_code=1
mospi_plfs_api,Maharashtra,state,2022,Calendar Year,Annually,,,"UR (Unemployment Rate, in per cent)",5.0,percent,urban,person,15 years and above,PS+SS,all,all,all,all_roles,workforce_baseline_only,false,"2025 survey redesign: do not concatenate pre/post redesign as homogeneous series; empty dimensions mean publisher unspecified, not all",data/raw/public_labour/public-labour-20261001-v2/data_f1_i3_y2.json,https://api.mospi.gov.in/api/plfs/getData?indicator_code=3&frequency_code=1&gender_code=3&age_code=1&sector_code=2&limit=200&page=1&state_code=16&year_type_code=2&weekly_status_code=1&education_code=0&religion_code=1&social_category_code=1
mospi_plfs_api,Maharashtra,state,2023,Calendar Year,Annually,,,"UR (Unemployment Rate, in per cent)",5.1,percent,urban,person,15 years and above,PS+SS,all,all,all,all_roles,workforce_baseline_only,false,"2025 survey redesign: do not concatenate pre/post redesign as homogeneous series; empty dimensions mean publisher unspecified, not all",data/raw/public_labour/public-labour-20261001-v2/data_f1_i3_y2.json,https://api.mospi.gov.in/api/plfs/getData?indicator_code=3&frequency_code=1&gender_code=3&age_code=1&sector_code=2&limit=200&page=1&state_code=16&year_type_code=2&weekly_status_code=1&education_code=0&religion_code=1&social_category_code=1
mospi_plfs_api,Maharashtra,state,2024,Calendar Year,Annually,,,"UR (Unemployment Rate, in per cent)",4.3,percent,urban,person,15 years and above,PS+SS,all,all,all,all_roles,workforce_baseline_only,false,"2025 survey redesign: do not concatenate pre/post redesign as homogeneous series; empty dimensions mean publisher unspecified, not all",data/raw/public_labour/public-labour-20261001-v2/data_f1_i3_y2.json,https://api.mospi.gov.in/api/plfs/getData?indicator_code=3&frequency_code=1&gender_code=3&age_code=1&sector_code=2&limit=200&page=1&state_code=16&year_type_code=2&weekly_status_code=1&education_code=0&religion_code=1&social_category_code=1
mospi_plfs_api,Maharashtra,state,2025,Calendar Year,Annually,,,"UR (Unemployment Rate, in per cent)",3.5,percent,urban,person,15 years and above,PS+SS,all,all,all,all_roles,workforce_baseline_only,false,"2025 survey redesign: do not concatenate pre/post redesign as homogeneous series; empty dimensions mean publisher unspecified, not all",data/raw/public_labour/public-labour-20261001-v2/data_f1_i3_y2.json,https://api.mospi.gov.in/api/plfs/getData?indicator_code=3&frequency_code=1&gender_code=3&age_code=1&sector_code=2&limit=200&page=1&state_code=16&year_type_code=2&weekly_status_code=1&education_code=0&religion_code=1&social_category_code=1
