source_id,geography,geography_level,period,measure,value,unit,role_scope,use,supports_available_data_analyst_supply,source_url,limitation
ncs_dashboard,Maharashtra,state,2015-16,Jobseeker Registered,733569,publisher_count,all_roles,context_only,false,https://ncs.gov.in/NCSReportDashboard,Metric definitions require confirmation; not Pune role-level observations; 2026-2027 partial
ncs_dashboard,Maharashtra,state,2016-17,Jobseeker Registered,24382,publisher_count,all_roles,context_only,false,https://ncs.gov.in/NCSReportDashboard,Metric definitions require confirmation; not Pune role-level observations; 2026-2027 partial
ncs_dashboard,Maharashtra,state,2017-18,Jobseeker Registered,101500,publisher_count,all_roles,context_only,false,https://ncs.gov.in/NCSReportDashboard,Metric definitions require confirmation; not Pune role-level observations; 2026-2027 partial
ncs_dashboard,Maharashtra,state,2018-19,Jobseeker Registered,3144906,publisher_count,all_roles,context_only,false,https://ncs.gov.in/NCSReportDashboard,Metric definitions require confirmation; not Pune role-level observations; 2026-2027 partial
ncs_dashboard,Maharashtra,state,2019-20,Jobseeker Registered,622370,publisher_count,all_roles,context_only,false,https://ncs.gov.in/NCSReportDashboard,Metric definitions require confirmation; not Pune role-level observations; 2026-2027 partial
ncs_dashboard,Maharashtra,state,2020-21,Jobseeker Registered,195550,publisher_count,all_roles,context_only,false,https://ncs.gov.in/NCSReportDashboard,Metric definitions require confirmation; not Pune role-level observations; 2026-2027 partial
ncs_dashboard,Maharashtra,state,2021-22,Jobseeker Registered,469132,publisher_count,all_roles,context_only,false,https://ncs.gov.in/NCSReportDashboard,Metric definitions require confirmation; not Pune role-level observations; 2026-2027 partial
ncs_dashboard,Maharashtra,state,2022-23,Jobseeker Registered,272547,publisher_count,all_roles,context_only,false,https://ncs.gov.in/NCSReportDashboard,Metric definitions require confirmation; not Pune role-level observations; 2026-2027 partial
ncs_dashboard,Maharashtra,state,2023-24,Jobseeker Registered,1027640,publisher_count,all_roles,context_only,false,https://ncs.gov.in/NCSReportDashboard,Metric definitions require confirmation; not Pune role-level observations; 2026-2027 partial
ncs_dashboard,Maharashtra,state,2024-25,Jobseeker Registered,2718461,publisher_count,all_roles,context_only,false,https://ncs.gov.in/NCSReportDashboard,Metric definitions require confirmation; not Pune role-level observations; 2026-2027 partial
ncs_dashboard,Maharashtra,state,2025-26,Jobseeker Registered,722068,publisher_count,all_roles,context_only,false,https://ncs.gov.in/NCSReportDashboard,Metric definitions require confirmation; not Pune role-level observations; 2026-2027 partial
ncs_dashboard,Maharashtra,state,2026-2027,Jobseeker Registered,253189,publisher_count,all_roles,context_only,false,https://ncs.gov.in/NCSReportDashboard,Metric definitions require confirmation; not Pune role-level observations; 2026-2027 partial
ncs_dashboard,Maharashtra,state,2015-16,Active Jobseekers,584,publisher_count,all_roles,context_only,false,https://ncs.gov.in/NCSReportDashboard,Metric definitions require confirmation; not Pune role-level observations; 2026-2027 partial
ncs_dashboard,Maharashtra,state,2016-17,Active Jobseekers,196,publisher_count,all_roles,context_only,false,https://ncs.gov.in/NCSReportDashboard,Metric definitions require confirmation; not Pune role-level observations; 2026-2027 partial
ncs_dashboard,Maharashtra,state,2017-18,Active Jobseekers,293,publisher_count,all_roles,context_only,false,https://ncs.gov.in/NCSReportDashboard,Metric definitions require confirmation; not Pune role-level observations; 2026-2027 partial
ncs_dashboard,Maharashtra,state,2018-19,Active Jobseekers,1069,publisher_count,all_roles,context_only,false,https://ncs.gov.in/NCSReportDashboard,Metric definitions require confirmation; not Pune role-level observations; 2026-2027 partial
ncs_dashboard,Maharashtra,state,2019-20,Active Jobseekers,1303,publisher_count,all_roles,context_only,false,https://ncs.gov.in/NCSReportDashboard,Metric definitions require confirmation; not Pune role-level observations; 2026-2027 partial
ncs_dashboard,Maharashtra,state,2020-21,Active Jobseekers,2285,publisher_count,all_roles,context_only,false,https://ncs.gov.in/NCSReportDashboard,Metric definitions require confirmation; not Pune role-level observations; 2026-2027 partial
ncs_dashboard,Maharashtra,state,2021-22,Active Jobseekers,2415,publisher_count,all_roles,context_only,false,https://ncs.gov.in/NCSReportDashboard,Metric definitions require confirmation; not Pune role-level observations; 2026-2027 partial
ncs_dashboard,Maharashtra,state,2022-23,Active Jobseekers,2932,publisher_count,all_roles,context_only,false,https://ncs.gov.in/NCSReportDashboard,Metric definitions require confirmation; not Pune role-level observations; 2026-2027 partial
ncs_dashboard,Maharashtra,state,2023-24,Active Jobseekers,266926,publisher_count,all_roles,context_only,false,https://ncs.gov.in/NCSReportDashboard,Metric definitions require confirmation; not Pune role-level observations; 2026-2027 partial
ncs_dashboard,Maharashtra,state,2024-25,Active Jobseekers,2699895,publisher_count,all_roles,context_only,false,https://ncs.gov.in/NCSReportDashboard,Metric definitions require confirmation; not Pune role-level observations; 2026-2027 partial
ncs_dashboard,Maharashtra,state,2025-26,Active Jobseekers,721095,publisher_count,all_roles,context_only,false,https://ncs.gov.in/NCSReportDashboard,Metric definitions require confirmation; not Pune role-level observations; 2026-2027 partial
ncs_dashboard,Maharashtra,state,2026-2027,Active Jobseekers,253162,publisher_count,all_roles,context_only,false,https://ncs.gov.in/NCSReportDashboard,Metric definitions require confirmation; not Pune role-level observations; 2026-2027 partial
ncs_dashboard,Maharashtra,state,2015-16,Vacancies,3746,publisher_count,all_roles,context_only,false,https://ncs.gov.in/NCSReportDashboard,Metric definitions require confirmation; not Pune role-level observations; 2026-2027 partial
ncs_dashboard,Maharashtra,state,2016-17,Vacancies,204466,publisher_count,all_roles,context_only,false,https://ncs.gov.in/NCSReportDashboard,Metric definitions require confirmation; not Pune role-level observations; 2026-2027 partial
ncs_dashboard,Maharashtra,state,2017-18,Vacancies,116145,publisher_count,all_roles,context_only,false,https://ncs.gov.in/NCSReportDashboard,Metric definitions require confirmation; not Pune role-level observations; 2026-2027 partial
ncs_dashboard,Maharashtra,state,2018-19,Vacancies,104409,publisher_count,all_roles,context_only,false,https://ncs.gov.in/NCSReportDashboard,Metric definitions require confirmation; not Pune role-level observations; 2026-2027 partial
ncs_dashboard,Maharashtra,state,2019-20,Vacancies,304566,publisher_count,all_roles,context_only,false,https://ncs.gov.in/NCSReportDashboard,Metric definitions require confirmation; not Pune role-level observations; 2026-2027 partial
ncs_dashboard,Maharashtra,state,2020-21,Vacancies,76927,publisher_count,all_roles,context_only,false,https://ncs.gov.in/NCSReportDashboard,Metric definitions require confirmation; not Pune role-level observations; 2026-2027 partial
ncs_dashboard,Maharashtra,state,2021-22,Vacancies,89530,publisher_count,all_roles,context_only,false,https://ncs.gov.in/NCSReportDashboard,Metric definitions require confirmation; not Pune role-level observations; 2026-2027 partial
ncs_dashboard,Maharashtra,state,2022-23,Vacancies,119141,publisher_count,all_roles,context_only,false,https://ncs.gov.in/NCSReportDashboard,Metric definitions require confirmation; not Pune role-level observations; 2026-2027 partial
ncs_dashboard,Maharashtra,state,2023-24,Vacancies,313528,publisher_count,all_roles,context_only,false,https://ncs.gov.in/NCSReportDashboard,Metric definitions require confirmation; not Pune role-level observations; 2026-2027 partial
ncs_dashboard,Maharashtra,state,2024-25,Vacancies,305636,publisher_count,all_roles,context_only,false,https://ncs.gov.in/NCSReportDashboard,Metric definitions require confirmation; not Pune role-level observations; 2026-2027 partial
ncs_dashboard,Maharashtra,state,2025-26,Vacancies,897580,publisher_count,all_roles,context_only,false,https://ncs.gov.in/NCSReportDashboard,Metric definitions require confirmation; not Pune role-level observations; 2026-2027 partial
ncs_dashboard,Maharashtra,state,2026-2027,Vacancies,214210,publisher_count,all_roles,context_only,false,https://ncs.gov.in/NCSReportDashboard,Metric definitions require confirmation; not Pune role-level observations; 2026-2027 partial
ncs_dashboard,Maharashtra,state,2015-16,Active Employer,71,publisher_count,all_roles,context_only,false,https://ncs.gov.in/NCSReportDashboard,Metric definitions require confirmation; not Pune role-level observations; 2026-2027 partial
ncs_dashboard,Maharashtra,state,2016-17,Active Employer,53,publisher_count,all_roles,context_only,false,https://ncs.gov.in/NCSReportDashboard,Metric definitions require confirmation; not Pune role-level observations; 2026-2027 partial
ncs_dashboard,Maharashtra,state,2017-18,Active Employer,48,publisher_count,all_roles,context_only,false,https://ncs.gov.in/NCSReportDashboard,Metric definitions require confirmation; not Pune role-level observations; 2026-2027 partial
ncs_dashboard,Maharashtra,state,2018-19,Active Employer,179,publisher_count,all_roles,context_only,false,https://ncs.gov.in/NCSReportDashboard,Metric definitions require confirmation; not Pune role-level observations; 2026-2027 partial
ncs_dashboard,Maharashtra,state,2019-20,Active Employer,5476,publisher_count,all_roles,context_only,false,https://ncs.gov.in/NCSReportDashboard,Metric definitions require confirmation; not Pune role-level observations; 2026-2027 partial
ncs_dashboard,Maharashtra,state,2020-21,Active Employer,10388,publisher_count,all_roles,context_only,false,https://ncs.gov.in/NCSReportDashboard,Metric definitions require confirmation; not Pune role-level observations; 2026-2027 partial
ncs_dashboard,Maharashtra,state,2021-22,Active Employer,7004,publisher_count,all_roles,context_only,false,https://ncs.gov.in/NCSReportDashboard,Metric definitions require confirmation; not Pune role-level observations; 2026-2027 partial
ncs_dashboard,Maharashtra,state,2022-23,Active Employer,158407,publisher_count,all_roles,context_only,false,https://ncs.gov.in/NCSReportDashboard,Metric definitions require confirmation; not Pune role-level observations; 2026-2027 partial
ncs_dashboard,Maharashtra,state,2023-24,Active Employer,275661,publisher_count,all_roles,context_only,false,https://ncs.gov.in/NCSReportDashboard,Metric definitions require confirmation; not Pune role-level observations; 2026-2027 partial
ncs_dashboard,Maharashtra,state,2024-25,Active Employer,320996,publisher_count,all_roles,context_only,false,https://ncs.gov.in/NCSReportDashboard,Metric definitions require confirmation; not Pune role-level observations; 2026-2027 partial
ncs_dashboard,Maharashtra,state,2025-26,Active Employer,282271,publisher_count,all_roles,context_only,false,https://ncs.gov.in/NCSReportDashboard,Metric definitions require confirmation; not Pune role-level observations; 2026-2027 partial
ncs_dashboard,Maharashtra,state,2026-2027,Active Employer,4124,publisher_count,all_roles,context_only,false,https://ncs.gov.in/NCSReportDashboard,Metric definitions require confirmation; not Pune role-level observations; 2026-2027 partial
pmkvy_district_training_2021_22,Ahmednagar,district,2021-22,trained,1562,people_trained,all_roles,context_only,false,https://www.msde.gov.in/static/uploads/2024/05/Annexure-2.pdf,"Historical training flow, not available skilled-worker stock"
pmkvy_district_training_2021_22,Akola,district,2021-22,trained,860,people_trained,all_roles,context_only,false,https://www.msde.gov.in/static/uploads/2024/05/Annexure-2.pdf,"Historical training flow, not available skilled-worker stock"
pmkvy_district_training_2021_22,Amravati,district,2021-22,trained,686,people_trained,all_roles,context_only,false,https://www.msde.gov.in/static/uploads/2024/05/Annexure-2.pdf,"Historical training flow, not available skilled-worker stock"
pmkvy_district_training_2021_22,Aurangabad,district,2021-22,trained,1378,people_trained,all_roles,context_only,false,https://www.msde.gov.in/static/uploads/2024/05/Annexure-2.pdf,"Historical training flow, not available skilled-worker stock"
pmkvy_district_training_2021_22,Beed,district,2021-22,trained,605,people_trained,all_roles,context_only,false,https://www.msde.gov.in/static/uploads/2024/05/Annexure-2.pdf,"Historical training flow, not available skilled-worker stock"
pmkvy_district_training_2021_22,Bhandara,district,2021-22,trained,823,people_trained,all_roles,context_only,false,https://www.msde.gov.in/static/uploads/2024/05/Annexure-2.pdf,"Historical training flow, not available skilled-worker stock"
pmkvy_district_training_2021_22,Buldhana,district,2021-22,trained,787,people_trained,all_roles,context_only,false,https://www.msde.gov.in/static/uploads/2024/05/Annexure-2.pdf,"Historical training flow, not available skilled-worker stock"
pmkvy_district_training_2021_22,Chandrapur,district,2021-22,trained,456,people_trained,all_roles,context_only,false,https://www.msde.gov.in/static/uploads/2024/05/Annexure-2.pdf,"Historical training flow, not available skilled-worker stock"
pmkvy_district_training_2021_22,Dhule,district,2021-22,trained,519,people_trained,all_roles,context_only,false,https://www.msde.gov.in/static/uploads/2024/05/Annexure-2.pdf,"Historical training flow, not available skilled-worker stock"
pmkvy_district_training_2021_22,Gadchiroli,district,2021-22,trained,2511,people_trained,all_roles,context_only,false,https://www.msde.gov.in/static/uploads/2024/05/Annexure-2.pdf,"Historical training flow, not available skilled-worker stock"
pmkvy_district_training_2021_22,Gondia,district,2021-22,trained,715,people_trained,all_roles,context_only,false,https://www.msde.gov.in/static/uploads/2024/05/Annexure-2.pdf,"Historical training flow, not available skilled-worker stock"
pmkvy_district_training_2021_22,Hingoli,district,2021-22,trained,593,people_trained,all_roles,context_only,false,https://www.msde.gov.in/static/uploads/2024/05/Annexure-2.pdf,"Historical training flow, not available skilled-worker stock"
pmkvy_district_training_2021_22,Jalgaon,district,2021-22,trained,1447,people_trained,all_roles,context_only,false,https://www.msde.gov.in/static/uploads/2024/05/Annexure-2.pdf,"Historical training flow, not available skilled-worker stock"
pmkvy_district_training_2021_22,Jalna,district,2021-22,trained,452,people_trained,all_roles,context_only,false,https://www.msde.gov.in/static/uploads/2024/05/Annexure-2.pdf,"Historical training flow, not available skilled-worker stock"
pmkvy_district_training_2021_22,Kolhapur,district,2021-22,trained,930,people_trained,all_roles,context_only,false,https://www.msde.gov.in/static/uploads/2024/05/Annexure-2.pdf,"Historical training flow, not available skilled-worker stock"
pmkvy_district_training_2021_22,Latur,district,2021-22,trained,612,people_trained,all_roles,context_only,false,https://www.msde.gov.in/static/uploads/2024/05/Annexure-2.pdf,"Historical training flow, not available skilled-worker stock"
pmkvy_district_training_2021_22,Mumbai,district,2021-22,trained,2388,people_trained,all_roles,context_only,false,https://www.msde.gov.in/static/uploads/2024/05/Annexure-2.pdf,"Historical training flow, not available skilled-worker stock"
pmkvy_district_training_2021_22,Mumbai Suburban,district,2021-22,trained,1426,people_trained,all_roles,context_only,false,https://www.msde.gov.in/static/uploads/2024/05/Annexure-2.pdf,"Historical training flow, not available skilled-worker stock"
pmkvy_district_training_2021_22,Nagpur,district,2021-22,trained,1740,people_trained,all_roles,context_only,false,https://www.msde.gov.in/static/uploads/2024/05/Annexure-2.pdf,"Historical training flow, not available skilled-worker stock"
pmkvy_district_training_2021_22,Nanded,district,2021-22,trained,762,people_trained,all_roles,context_only,false,https://www.msde.gov.in/static/uploads/2024/05/Annexure-2.pdf,"Historical training flow, not available skilled-worker stock"
pmkvy_district_training_2021_22,Nandurbar,district,2021-22,trained,598,people_trained,all_roles,context_only,false,https://www.msde.gov.in/static/uploads/2024/05/Annexure-2.pdf,"Historical training flow, not available skilled-worker stock"
pmkvy_district_training_2021_22,Nashik,district,2021-22,trained,1744,people_trained,all_roles,context_only,false,https://www.msde.gov.in/static/uploads/2024/05/Annexure-2.pdf,"Historical training flow, not available skilled-worker stock"
pmkvy_district_training_2021_22,Osmanabad,district,2021-22,trained,575,people_trained,all_roles,context_only,false,https://www.msde.gov.in/static/uploads/2024/05/Annexure-2.pdf,"Historical training flow, not available skilled-worker stock"
pmkvy_district_training_2021_22,Palghar,district,2021-22,trained,651,people_trained,all_roles,context_only,false,https://www.msde.gov.in/static/uploads/2024/05/Annexure-2.pdf,"Historical training flow, not available skilled-worker stock"
pmkvy_district_training_2021_22,Parbhani,district,2021-22,trained,797,people_trained,all_roles,context_only,false,https://www.msde.gov.in/static/uploads/2024/05/Annexure-2.pdf,"Historical training flow, not available skilled-worker stock"
pmkvy_district_training_2021_22,Pune,district,2021-22,trained,4206,people_trained,all_roles,context_only,false,https://www.msde.gov.in/static/uploads/2024/05/Annexure-2.pdf,"Historical training flow, not available skilled-worker stock"
pmkvy_district_training_2021_22,Raigad,district,2021-22,trained,543,people_trained,all_roles,context_only,false,https://www.msde.gov.in/static/uploads/2024/05/Annexure-2.pdf,"Historical training flow, not available skilled-worker stock"
pmkvy_district_training_2021_22,Ratnagiri,district,2021-22,trained,352,people_trained,all_roles,context_only,false,https://www.msde.gov.in/static/uploads/2024/05/Annexure-2.pdf,"Historical training flow, not available skilled-worker stock"
pmkvy_district_training_2021_22,Sangli,district,2021-22,trained,909,people_trained,all_roles,context_only,false,https://www.msde.gov.in/static/uploads/2024/05/Annexure-2.pdf,"Historical training flow, not available skilled-worker stock"
pmkvy_district_training_2021_22,Satara,district,2021-22,trained,946,people_trained,all_roles,context_only,false,https://www.msde.gov.in/static/uploads/2024/05/Annexure-2.pdf,"Historical training flow, not available skilled-worker stock"
pmkvy_district_training_2021_22,Sindhudurg,district,2021-22,trained,89,people_trained,all_roles,context_only,false,https://www.msde.gov.in/static/uploads/2024/05/Annexure-2.pdf,"Historical training flow, not available skilled-worker stock"
pmkvy_district_training_2021_22,Solapur,district,2021-22,trained,1014,people_trained,all_roles,context_only,false,https://www.msde.gov.in/static/uploads/2024/05/Annexure-2.pdf,"Historical training flow, not available skilled-worker stock"
pmkvy_district_training_2021_22,Thane,district,2021-22,trained,2324,people_trained,all_roles,context_only,false,https://www.msde.gov.in/static/uploads/2024/05/Annexure-2.pdf,"Historical training flow, not available skilled-worker stock"
pmkvy_district_training_2021_22,Wardha,district,2021-22,trained,1613,people_trained,all_roles,context_only,false,https://www.msde.gov.in/static/uploads/2024/05/Annexure-2.pdf,"Historical training flow, not available skilled-worker stock"
pmkvy_district_training_2021_22,Washim,district,2021-22,trained,669,people_trained,all_roles,context_only,false,https://www.msde.gov.in/static/uploads/2024/05/Annexure-2.pdf,"Historical training flow, not available skilled-worker stock"
pmkvy_district_training_2021_22,Yavatmal,district,2021-22,trained,1582,people_trained,all_roles,context_only,false,https://www.msde.gov.in/static/uploads/2024/05/Annexure-2.pdf,"Historical training flow, not available skilled-worker stock"
pib_naps_nats,Maharashtra,state,2025,naps_engaged,303763,apprenticeship_engagements,all_roles,context_only,false,https://www.pib.gov.in/PressReleasePage.aspx?PRID=2243987&lang=1,Training engagements; no Data Analyst or Pune disaggregation
pib_naps_nats,Maharashtra,state,2025,nats_engaged,114127,apprenticeship_engagements,all_roles,context_only,false,https://www.pib.gov.in/PressReleasePage.aspx?PRID=2243987&lang=1,Training engagements; no Data Analyst or Pune disaggregation
