geography,year,year_type,frequency,quarter,month,reference_status,lfpr_percent,ur_percent,wpr_percent,implied_employed_per_100_population,available_data_analysts_estimate,role_scope,use,limitations
Maharashtra,2017-18,Agriculture Year,Annually,all,,PS+SS,48.2,7.4,44.7,44.6332,,all_roles,baseline_not_skill_supply,"No population denominator, occupation/skill match, job-search availability or uncertainty interval; not an absolute workforce count"
Maharashtra,2018-19,Agriculture Year,Annually,all,,PS+SS,48.0,6.3,44.9,44.976,,all_roles,baseline_not_skill_supply,"No population denominator, occupation/skill match, job-search availability or uncertainty interval; not an absolute workforce count"
Maharashtra,2019-20,Agriculture Year,Annually,all,,PS+SS,50.1,4.4,47.8,47.8956,,all_roles,baseline_not_skill_supply,"No population denominator, occupation/skill match, job-search availability or uncertainty interval; not an absolute workforce count"
Maharashtra,2020-21,Agriculture Year,Annually,all,,PS+SS,49.3,6.5,46.2,46.0955,,all_roles,baseline_not_skill_supply,"No population denominator, occupation/skill match, job-search availability or uncertainty interval; not an absolute workforce count"
Maharashtra,2021-22,Agriculture Year,Annually,all,,PS+SS,52.0,5.0,49.4,49.4,,all_roles,baseline_not_skill_supply,"No population denominator, occupation/skill match, job-search availability or uncertainty interval; not an absolute workforce count"
Maharashtra,2022-23,Agriculture Year,Annually,all,,PS+SS,52.4,4.6,50.0,49.9896,,all_roles,baseline_not_skill_supply,"No population denominator, occupation/skill match, job-search availability or uncertainty interval; not an absolute workforce count"
Maharashtra,2023-24,Agriculture Year,Annually,all,,PS+SS,53.6,5.2,50.9,50.8128,,all_roles,baseline_not_skill_supply,"No population denominator, occupation/skill match, job-search availability or uncertainty interval; not an absolute workforce count"
Maharashtra,2022,Calendar Year,Annually,,,PS+SS,51.5,5.0,48.9,48.925,,all_roles,baseline_not_skill_supply,"No population denominator, occupation/skill match, job-search availability or uncertainty interval; not an absolute workforce count"
Maharashtra,2023,Calendar Year,Annually,,,PS+SS,53.1,5.1,50.4,50.3919,,all_roles,baseline_not_skill_supply,"No population denominator, occupation/skill match, job-search availability or uncertainty interval; not an absolute workforce count"
Maharashtra,2024,Calendar Year,Annually,,,PS+SS,54.2,4.3,51.8,51.8694,,all_roles,baseline_not_skill_supply,"No population denominator, occupation/skill match, job-search availability or uncertainty interval; not an absolute workforce count"
Maharashtra,2025,Calendar Year,Annually,,,PS+SS,52.4,3.5,50.6,50.566,,all_roles,baseline_not_skill_supply,"No population denominator, occupation/skill match, job-search availability or uncertainty interval; not an absolute workforce count"
Maharashtra,2018,,Quarterly,Apr-Jun,,,46.9,8.9,42.8,42.7259,,all_roles,baseline_not_skill_supply,"No population denominator, occupation/skill match, job-search availability or uncertainty interval; not an absolute workforce count"
Maharashtra,2018,,Quarterly,Jul-Sep,,,47.2,9.9,42.5,42.5272,,all_roles,baseline_not_skill_supply,"No population denominator, occupation/skill match, job-search availability or uncertainty interval; not an absolute workforce count"
Maharashtra,2018,,Quarterly,Oct-Dec,,,47.8,9.6,43.2,43.2112,,all_roles,baseline_not_skill_supply,"No population denominator, occupation/skill match, job-search availability or uncertainty interval; not an absolute workforce count"
Maharashtra,2019,,Quarterly,Jul-Sep,,,48.8,5.8,45.9,45.9696,,all_roles,baseline_not_skill_supply,"No population denominator, occupation/skill match, job-search availability or uncertainty interval; not an absolute workforce count"
Maharashtra,2019,,Quarterly,Oct-Dec,,,49.1,5.5,46.4,46.3995,,all_roles,baseline_not_skill_supply,"No population denominator, occupation/skill match, job-search availability or uncertainty interval; not an absolute workforce count"
Maharashtra,2019,,Quarterly,Jan-Mar,,,48.3,8.3,44.3,44.2911,,all_roles,baseline_not_skill_supply,"No population denominator, occupation/skill match, job-search availability or uncertainty interval; not an absolute workforce count"
Maharashtra,2019,,Quarterly,Apr-Jun,,,47.7,14.6,44.1,40.7358,,all_roles,baseline_not_skill_supply,"No population denominator, occupation/skill match, job-search availability or uncertainty interval; not an absolute workforce count"
Maharashtra,2020,,Quarterly,Jan-Mar,,,49.1,6.2,46.0,46.0558,,all_roles,baseline_not_skill_supply,"No population denominator, occupation/skill match, job-search availability or uncertainty interval; not an absolute workforce count"
Maharashtra,2020,,Quarterly,Apr-Jun,,,46.2,35.5,29.8,29.799,,all_roles,baseline_not_skill_supply,"No population denominator, occupation/skill match, job-search availability or uncertainty interval; not an absolute workforce count"
Maharashtra,2020,,Quarterly,Jul-Sep,,,48.1,22.6,37.2,37.2294,,all_roles,baseline_not_skill_supply,"No population denominator, occupation/skill match, job-search availability or uncertainty interval; not an absolute workforce count"
Maharashtra,2020,,Quarterly,Oct-Dec,,,44.1,15.1,37.4,37.4409,,all_roles,baseline_not_skill_supply,"No population denominator, occupation/skill match, job-search availability or uncertainty interval; not an absolute workforce count"
Maharashtra,2021,,Quarterly,Jan-Mar,,,45.3,13.7,39.1,39.0939,,all_roles,baseline_not_skill_supply,"No population denominator, occupation/skill match, job-search availability or uncertainty interval; not an absolute workforce count"
Maharashtra,2021,,Quarterly,Apr-Jun,,,45.8,14.3,39.2,39.2506,,all_roles,baseline_not_skill_supply,"No population denominator, occupation/skill match, job-search availability or uncertainty interval; not an absolute workforce count"
Maharashtra,2021,,Quarterly,Jul-Sep,,,46.4,14.6,39.6,39.6256,,all_roles,baseline_not_skill_supply,"No population denominator, occupation/skill match, job-search availability or uncertainty interval; not an absolute workforce count"
Maharashtra,2021,,Quarterly,Oct-Dec,,,48.8,14.0,42.0,41.968,,all_roles,baseline_not_skill_supply,"No population denominator, occupation/skill match, job-search availability or uncertainty interval; not an absolute workforce count"
Maharashtra,2022,,Quarterly,Jan-Mar,,,48.3,12.6,42.3,42.2142,,all_roles,baseline_not_skill_supply,"No population denominator, occupation/skill match, job-search availability or uncertainty interval; not an absolute workforce count"
Maharashtra,2022,,Quarterly,Apr-Jun,,,46.5,11.4,41.2,41.199,,all_roles,baseline_not_skill_supply,"No population denominator, occupation/skill match, job-search availability or uncertainty interval; not an absolute workforce count"
Maharashtra,2022,,Quarterly,Jul-Sep,,,47.7,10.1,42.8,42.8823,,all_roles,baseline_not_skill_supply,"No population denominator, occupation/skill match, job-search availability or uncertainty interval; not an absolute workforce count"
Maharashtra,2022,,Quarterly,Oct-Dec,,,47.7,9.8,43.0,43.0254,,all_roles,baseline_not_skill_supply,"No population denominator, occupation/skill match, job-search availability or uncertainty interval; not an absolute workforce count"
Maharashtra,2023,,Quarterly,Jan-Mar,,,48.0,7.7,44.4,44.304,,all_roles,baseline_not_skill_supply,"No population denominator, occupation/skill match, job-search availability or uncertainty interval; not an absolute workforce count"
Maharashtra,2023,,Quarterly,Apr-Jun,,,48.2,6.7,44.9,44.9706,,all_roles,baseline_not_skill_supply,"No population denominator, occupation/skill match, job-search availability or uncertainty interval; not an absolute workforce count"
Maharashtra,2023,,Quarterly,Jul-Sep,,,49.1,5.9,46.2,46.2031,,all_roles,baseline_not_skill_supply,"No population denominator, occupation/skill match, job-search availability or uncertainty interval; not an absolute workforce count"
Maharashtra,2023,,Quarterly,Oct-Dec,,,50.4,7.1,46.8,46.8216,,all_roles,baseline_not_skill_supply,"No population denominator, occupation/skill match, job-search availability or uncertainty interval; not an absolute workforce count"
Maharashtra,2024,,Quarterly,Jan-Mar,,,50.9,7.7,47.0,46.9807,,all_roles,baseline_not_skill_supply,"No population denominator, occupation/skill match, job-search availability or uncertainty interval; not an absolute workforce count"
Maharashtra,2024,,Quarterly,Apr-Jun,,,51.7,9.2,47.0,46.9436,,all_roles,baseline_not_skill_supply,"No population denominator, occupation/skill match, job-search availability or uncertainty interval; not an absolute workforce count"
Maharashtra,2024,,Quarterly,Jul-Sep,,,51.0,10.6,45.6,45.594,,all_roles,baseline_not_skill_supply,"No population denominator, occupation/skill match, job-search availability or uncertainty interval; not an absolute workforce count"
Maharashtra,2024,,Quarterly,Oct-Dec,,,50.0,8.7,45.6,45.65,,all_roles,baseline_not_skill_supply,"No population denominator, occupation/skill match, job-search availability or uncertainty interval; not an absolute workforce count"
Maharashtra,2025,,Quarterly,Oct-Dec,,,50.1,6.3,46.9,46.9437,,all_roles,baseline_not_skill_supply,"No population denominator, occupation/skill match, job-search availability or uncertainty interval; not an absolute workforce count"
Maharashtra,2025,,Quarterly,Apr-Jun,,,49.8,8.9,45.4,45.3678,,all_roles,baseline_not_skill_supply,"No population denominator, occupation/skill match, job-search availability or uncertainty interval; not an absolute workforce count"
Maharashtra,2025,,Quarterly,Jul-Sep,,,51.1,7.2,47.3,47.4208,,all_roles,baseline_not_skill_supply,"No population denominator, occupation/skill match, job-search availability or uncertainty interval; not an absolute workforce count"
Maharashtra,2026,,Quarterly,Jan-Mar,,,50.9,6.2,47.7,47.7442,,all_roles,baseline_not_skill_supply,"No population denominator, occupation/skill match, job-search availability or uncertainty interval; not an absolute workforce count"
Maharashtra,2026,,Quarterly,Apr-Jun,,,50.4,5.6,47.6,47.5776,,all_roles,baseline_not_skill_supply,"No population denominator, occupation/skill match, job-search availability or uncertainty interval; not an absolute workforce count"
All India,2025,,Monthly,,December,,50.2,6.7,46.8,46.8366,,all_roles,baseline_not_skill_supply,"No population denominator, occupation/skill match, job-search availability or uncertainty interval; not an absolute workforce count"
All India,2025,,Monthly,,November,,50.4,6.5,47.1,47.124,,all_roles,baseline_not_skill_supply,"No population denominator, occupation/skill match, job-search availability or uncertainty interval; not an absolute workforce count"
All India,2025,,Monthly,,October,,50.5,7.0,47.0,46.965,,all_roles,baseline_not_skill_supply,"No population denominator, occupation/skill match, job-search availability or uncertainty interval; not an absolute workforce count"
All India,2025,,Monthly,,September,,50.9,6.8,47.4,47.4388,,all_roles,baseline_not_skill_supply,"No population denominator, occupation/skill match, job-search availability or uncertainty interval; not an absolute workforce count"
All India,2025,,Monthly,,August,,50.9,6.7,47.5,47.4897,,all_roles,baseline_not_skill_supply,"No population denominator, occupation/skill match, job-search availability or uncertainty interval; not an absolute workforce count"
All India,2025,,Monthly,,July,,50.7,7.2,47.0,47.0496,,all_roles,baseline_not_skill_supply,"No population denominator, occupation/skill match, job-search availability or uncertainty interval; not an absolute workforce count"
All India,2025,,Monthly,,June,,50.4,7.1,46.8,46.8216,,all_roles,baseline_not_skill_supply,"No population denominator, occupation/skill match, job-search availability or uncertainty interval; not an absolute workforce count"
All India,2025,,Monthly,,May,,50.4,6.9,46.9,46.9224,,all_roles,baseline_not_skill_supply,"No population denominator, occupation/skill match, job-search availability or uncertainty interval; not an absolute workforce count"
All India,2025,,Monthly,,April,,50.7,6.5,47.4,47.4045,,all_roles,baseline_not_skill_supply,"No population denominator, occupation/skill match, job-search availability or uncertainty interval; not an absolute workforce count"
All India,2026,,Monthly,,August,,50.4,6.8,47.0,46.9728,,all_roles,baseline_not_skill_supply,"No population denominator, occupation/skill match, job-search availability or uncertainty interval; not an absolute workforce count"
All India,2026,,Monthly,,July,,50.4,6.7,47.0,47.0232,,all_roles,baseline_not_skill_supply,"No population denominator, occupation/skill match, job-search availability or uncertainty interval; not an absolute workforce count"
All India,2026,,Monthly,,June,,50.1,6.6,46.8,46.7934,,all_roles,baseline_not_skill_supply,"No population denominator, occupation/skill match, job-search availability or uncertainty interval; not an absolute workforce count"
All India,2026,,Monthly,,May,,49.8,6.4,46.6,46.6128,,all_roles,baseline_not_skill_supply,"No population denominator, occupation/skill match, job-search availability or uncertainty interval; not an absolute workforce count"
All India,2026,,Monthly,,April,,50.1,6.6,46.8,46.7934,,all_roles,baseline_not_skill_supply,"No population denominator, occupation/skill match, job-search availability or uncertainty interval; not an absolute workforce count"
All India,2026,,Monthly,,March,,50.3,6.8,46.8,46.8796,,all_roles,baseline_not_skill_supply,"No population denominator, occupation/skill match, job-search availability or uncertainty interval; not an absolute workforce count"
All India,2026,,Monthly,,February,,50.4,6.6,47.0,47.0736,,all_roles,baseline_not_skill_supply,"No population denominator, occupation/skill match, job-search availability or uncertainty interval; not an absolute workforce count"
All India,2026,,Monthly,,January,,50.3,7.0,46.8,46.779,,all_roles,baseline_not_skill_supply,"No population denominator, occupation/skill match, job-search availability or uncertainty interval; not an absolute workforce count"
