metric,state,financial_year,value,publisher_updated_at,source_url,access_method,quality_flag,geography_level,role_scope,frequency,partial_period,eligible_for_pune_analyst_forecast,use,limitation
Vacancies,Maharashtra,2015-16,3746,"15th July, 2026",https://ncs.gov.in/NCSReportDashboard,offline extraction of previously downloaded public dashboard bundle,publisher_snapshot;2026_2027_partial;metric_definitions_require_confirmation,state,all_roles,financial_year,false,false,historical_demand_context_only,Publisher vacancy aggregate; not Pune role-level monthly observations; confirm stock/flow definitions
Vacancies,Maharashtra,2016-17,204466,"15th July, 2026",https://ncs.gov.in/NCSReportDashboard,offline extraction of previously downloaded public dashboard bundle,publisher_snapshot;2026_2027_partial;metric_definitions_require_confirmation,state,all_roles,financial_year,false,false,historical_demand_context_only,Publisher vacancy aggregate; not Pune role-level monthly observations; confirm stock/flow definitions
Vacancies,Maharashtra,2017-18,116145,"15th July, 2026",https://ncs.gov.in/NCSReportDashboard,offline extraction of previously downloaded public dashboard bundle,publisher_snapshot;2026_2027_partial;metric_definitions_require_confirmation,state,all_roles,financial_year,false,false,historical_demand_context_only,Publisher vacancy aggregate; not Pune role-level monthly observations; confirm stock/flow definitions
Vacancies,Maharashtra,2018-19,104409,"15th July, 2026",https://ncs.gov.in/NCSReportDashboard,offline extraction of previously downloaded public dashboard bundle,publisher_snapshot;2026_2027_partial;metric_definitions_require_confirmation,state,all_roles,financial_year,false,false,historical_demand_context_only,Publisher vacancy aggregate; not Pune role-level monthly observations; confirm stock/flow definitions
Vacancies,Maharashtra,2019-20,304566,"15th July, 2026",https://ncs.gov.in/NCSReportDashboard,offline extraction of previously downloaded public dashboard bundle,publisher_snapshot;2026_2027_partial;metric_definitions_require_confirmation,state,all_roles,financial_year,false,false,historical_demand_context_only,Publisher vacancy aggregate; not Pune role-level monthly observations; confirm stock/flow definitions
Vacancies,Maharashtra,2020-21,76927,"15th July, 2026",https://ncs.gov.in/NCSReportDashboard,offline extraction of previously downloaded public dashboard bundle,publisher_snapshot;2026_2027_partial;metric_definitions_require_confirmation,state,all_roles,financial_year,false,false,historical_demand_context_only,Publisher vacancy aggregate; not Pune role-level monthly observations; confirm stock/flow definitions
Vacancies,Maharashtra,2021-22,89530,"15th July, 2026",https://ncs.gov.in/NCSReportDashboard,offline extraction of previously downloaded public dashboard bundle,publisher_snapshot;2026_2027_partial;metric_definitions_require_confirmation,state,all_roles,financial_year,false,false,historical_demand_context_only,Publisher vacancy aggregate; not Pune role-level monthly observations; confirm stock/flow definitions
Vacancies,Maharashtra,2022-23,119141,"15th July, 2026",https://ncs.gov.in/NCSReportDashboard,offline extraction of previously downloaded public dashboard bundle,publisher_snapshot;2026_2027_partial;metric_definitions_require_confirmation,state,all_roles,financial_year,false,false,historical_demand_context_only,Publisher vacancy aggregate; not Pune role-level monthly observations; confirm stock/flow definitions
Vacancies,Maharashtra,2023-24,313528,"15th July, 2026",https://ncs.gov.in/NCSReportDashboard,offline extraction of previously downloaded public dashboard bundle,publisher_snapshot;2026_2027_partial;metric_definitions_require_confirmation,state,all_roles,financial_year,false,false,historical_demand_context_only,Publisher vacancy aggregate; not Pune role-level monthly observations; confirm stock/flow definitions
Vacancies,Maharashtra,2024-25,305636,"15th July, 2026",https://ncs.gov.in/NCSReportDashboard,offline extraction of previously downloaded public dashboard bundle,publisher_snapshot;2026_2027_partial;metric_definitions_require_confirmation,state,all_roles,financial_year,false,false,historical_demand_context_only,Publisher vacancy aggregate; not Pune role-level monthly observations; confirm stock/flow definitions
Vacancies,Maharashtra,2025-26,897580,"15th July, 2026",https://ncs.gov.in/NCSReportDashboard,offline extraction of previously downloaded public dashboard bundle,publisher_snapshot;2026_2027_partial;metric_definitions_require_confirmation,state,all_roles,financial_year,false,false,historical_demand_context_only,Publisher vacancy aggregate; not Pune role-level monthly observations; confirm stock/flow definitions
Vacancies,Maharashtra,2026-2027,214210,"15th July, 2026",https://ncs.gov.in/NCSReportDashboard,offline extraction of previously downloaded public dashboard bundle,publisher_snapshot;2026_2027_partial;metric_definitions_require_confirmation,state,all_roles,financial_year,true,false,historical_demand_context_only,Publisher vacancy aggregate; not Pune role-level monthly observations; confirm stock/flow definitions
