geography,year,year_type,frequency,quarter,month,sector,gender,age_group,reference_status,education,religion,social_group,lfpr_percent,ur_percent,wpr_percent,unemployed_per_100_population,implied_employed_per_100_population,wpr_rounding_residual,unit,available_data_analysts_estimate,role_scope,use,formula,limitations,evidence_files
Maharashtra,2017-18,Agriculture Year,Annually,all,,urban,person,15 years and above,PS+SS,all,all,all,48.2,7.4,44.7,3.5668,44.6332,0.0668,persons_per_100_population_in_matching_age_group,,all_roles,baseline_not_skill_supply,LFPR * UR / 100,"No population denominator, occupation/skill match, job-search availability or uncertainty interval; not an absolute workforce count",data/raw/public_labour/public-labour-20261001-v2/data_f1_i1_y1.json|data/raw/public_labour/public-labour-20261001-v2/data_f1_i2_y1.json|data/raw/public_labour/public-labour-20261001-v2/data_f1_i3_y1.json
Maharashtra,2018-19,Agriculture Year,Annually,all,,urban,person,15 years and above,PS+SS,all,all,all,48.0,6.3,44.9,3.024,44.976,-0.076,persons_per_100_population_in_matching_age_group,,all_roles,baseline_not_skill_supply,LFPR * UR / 100,"No population denominator, occupation/skill match, job-search availability or uncertainty interval; not an absolute workforce count",data/raw/public_labour/public-labour-20261001-v2/data_f1_i1_y1.json|data/raw/public_labour/public-labour-20261001-v2/data_f1_i2_y1.json|data/raw/public_labour/public-labour-20261001-v2/data_f1_i3_y1.json
Maharashtra,2019-20,Agriculture Year,Annually,all,,urban,person,15 years and above,PS+SS,all,all,all,50.1,4.4,47.8,2.2044,47.8956,-0.0956,persons_per_100_population_in_matching_age_group,,all_roles,baseline_not_skill_supply,LFPR * UR / 100,"No population denominator, occupation/skill match, job-search availability or uncertainty interval; not an absolute workforce count",data/raw/public_labour/public-labour-20261001-v2/data_f1_i1_y1.json|data/raw/public_labour/public-labour-20261001-v2/data_f1_i2_y1.json|data/raw/public_labour/public-labour-20261001-v2/data_f1_i3_y1.json
Maharashtra,2020-21,Agriculture Year,Annually,all,,urban,person,15 years and above,PS+SS,all,all,all,49.3,6.5,46.2,3.2045,46.0955,0.1045,persons_per_100_population_in_matching_age_group,,all_roles,baseline_not_skill_supply,LFPR * UR / 100,"No population denominator, occupation/skill match, job-search availability or uncertainty interval; not an absolute workforce count",data/raw/public_labour/public-labour-20261001-v2/data_f1_i1_y1.json|data/raw/public_labour/public-labour-20261001-v2/data_f1_i2_y1.json|data/raw/public_labour/public-labour-20261001-v2/data_f1_i3_y1.json
Maharashtra,2021-22,Agriculture Year,Annually,all,,urban,person,15 years and above,PS+SS,all,all,all,52.0,5.0,49.4,2.6,49.4,0.0,persons_per_100_population_in_matching_age_group,,all_roles,baseline_not_skill_supply,LFPR * UR / 100,"No population denominator, occupation/skill match, job-search availability or uncertainty interval; not an absolute workforce count",data/raw/public_labour/public-labour-20261001-v2/data_f1_i1_y1.json|data/raw/public_labour/public-labour-20261001-v2/data_f1_i2_y1.json|data/raw/public_labour/public-labour-20261001-v2/data_f1_i3_y1.json
Maharashtra,2022-23,Agriculture Year,Annually,all,,urban,person,15 years and above,PS+SS,all,all,all,52.4,4.6,50.0,2.4104,49.9896,0.0104,persons_per_100_population_in_matching_age_group,,all_roles,baseline_not_skill_supply,LFPR * UR / 100,"No population denominator, occupation/skill match, job-search availability or uncertainty interval; not an absolute workforce count",data/raw/public_labour/public-labour-20261001-v2/data_f1_i1_y1.json|data/raw/public_labour/public-labour-20261001-v2/data_f1_i2_y1.json|data/raw/public_labour/public-labour-20261001-v2/data_f1_i3_y1.json
Maharashtra,2023-24,Agriculture Year,Annually,all,,urban,person,15 years and above,PS+SS,all,all,all,53.6,5.2,50.9,2.7872,50.8128,0.0872,persons_per_100_population_in_matching_age_group,,all_roles,baseline_not_skill_supply,LFPR * UR / 100,"No population denominator, occupation/skill match, job-search availability or uncertainty interval; not an absolute workforce count",data/raw/public_labour/public-labour-20261001-v2/data_f1_i1_y1.json|data/raw/public_labour/public-labour-20261001-v2/data_f1_i2_y1.json|data/raw/public_labour/public-labour-20261001-v2/data_f1_i3_y1.json
Maharashtra,2022,Calendar Year,Annually,,,urban,person,15 years and above,PS+SS,all,all,all,51.5,5.0,48.9,2.575,48.925,-0.025,persons_per_100_population_in_matching_age_group,,all_roles,baseline_not_skill_supply,LFPR * UR / 100,"No population denominator, occupation/skill match, job-search availability or uncertainty interval; not an absolute workforce count",data/raw/public_labour/public-labour-20261001-v2/data_f1_i1_y2.json|data/raw/public_labour/public-labour-20261001-v2/data_f1_i2_y2.json|data/raw/public_labour/public-labour-20261001-v2/data_f1_i3_y2.json
Maharashtra,2023,Calendar Year,Annually,,,urban,person,15 years and above,PS+SS,all,all,all,53.1,5.1,50.4,2.7081,50.3919,0.0081,persons_per_100_population_in_matching_age_group,,all_roles,baseline_not_skill_supply,LFPR * UR / 100,"No population denominator, occupation/skill match, job-search availability or uncertainty interval; not an absolute workforce count",data/raw/public_labour/public-labour-20261001-v2/data_f1_i1_y2.json|data/raw/public_labour/public-labour-20261001-v2/data_f1_i2_y2.json|data/raw/public_labour/public-labour-20261001-v2/data_f1_i3_y2.json
Maharashtra,2024,Calendar Year,Annually,,,urban,person,15 years and above,PS+SS,all,all,all,54.2,4.3,51.8,2.3306,51.8694,-0.0694,persons_per_100_population_in_matching_age_group,,all_roles,baseline_not_skill_supply,LFPR * UR / 100,"No population denominator, occupation/skill match, job-search availability or uncertainty interval; not an absolute workforce count",data/raw/public_labour/public-labour-20261001-v2/data_f1_i1_y2.json|data/raw/public_labour/public-labour-20261001-v2/data_f1_i2_y2.json|data/raw/public_labour/public-labour-20261001-v2/data_f1_i3_y2.json
Maharashtra,2025,Calendar Year,Annually,,,urban,person,15 years and above,PS+SS,all,all,all,52.4,3.5,50.6,1.834,50.566,0.034,persons_per_100_population_in_matching_age_group,,all_roles,baseline_not_skill_supply,LFPR * UR / 100,"No population denominator, occupation/skill match, job-search availability or uncertainty interval; not an absolute workforce count",data/raw/public_labour/public-labour-20261001-v2/data_f1_i1_y2.json|data/raw/public_labour/public-labour-20261001-v2/data_f1_i2_y2.json|data/raw/public_labour/public-labour-20261001-v2/data_f1_i3_y2.json
Maharashtra,2018,,Quarterly,Apr-Jun,,urban,person,15 years and above,,,,,46.9,8.9,42.8,4.1741,42.7259,0.0741,persons_per_100_population_in_matching_age_group,,all_roles,baseline_not_skill_supply,LFPR * UR / 100,"No population denominator, occupation/skill match, job-search availability or uncertainty interval; not an absolute workforce count",data/raw/public_labour/public-labour-20261001-v2/data_f2_i1_y0.json|data/raw/public_labour/public-labour-20261001-v2/data_f2_i2_y0.json|data/raw/public_labour/public-labour-20261001-v2/data_f2_i3_y0.json
Maharashtra,2018,,Quarterly,Jul-Sep,,urban,person,15 years and above,,,,,47.2,9.9,42.5,4.6728,42.5272,-0.0272,persons_per_100_population_in_matching_age_group,,all_roles,baseline_not_skill_supply,LFPR * UR / 100,"No population denominator, occupation/skill match, job-search availability or uncertainty interval; not an absolute workforce count",data/raw/public_labour/public-labour-20261001-v2/data_f2_i1_y0.json|data/raw/public_labour/public-labour-20261001-v2/data_f2_i2_y0.json|data/raw/public_labour/public-labour-20261001-v2/data_f2_i3_y0.json
Maharashtra,2018,,Quarterly,Oct-Dec,,urban,person,15 years and above,,,,,47.8,9.6,43.2,4.5888,43.2112,-0.0112,persons_per_100_population_in_matching_age_group,,all_roles,baseline_not_skill_supply,LFPR * UR / 100,"No population denominator, occupation/skill match, job-search availability or uncertainty interval; not an absolute workforce count",data/raw/public_labour/public-labour-20261001-v2/data_f2_i1_y0.json|data/raw/public_labour/public-labour-20261001-v2/data_f2_i2_y0.json|data/raw/public_labour/public-labour-20261001-v2/data_f2_i3_y0.json
Maharashtra,2019,,Quarterly,Jul-Sep,,urban,person,15 years and above,,,,,48.8,5.8,45.9,2.8304,45.9696,-0.0696,persons_per_100_population_in_matching_age_group,,all_roles,baseline_not_skill_supply,LFPR * UR / 100,"No population denominator, occupation/skill match, job-search availability or uncertainty interval; not an absolute workforce count",data/raw/public_labour/public-labour-20261001-v2/data_f2_i1_y0.json|data/raw/public_labour/public-labour-20261001-v2/data_f2_i2_y0.json|data/raw/public_labour/public-labour-20261001-v2/data_f2_i3_y0.json
Maharashtra,2019,,Quarterly,Oct-Dec,,urban,person,15 years and above,,,,,49.1,5.5,46.4,2.7005,46.3995,0.0005,persons_per_100_population_in_matching_age_group,,all_roles,baseline_not_skill_supply,LFPR * UR / 100,"No population denominator, occupation/skill match, job-search availability or uncertainty interval; not an absolute workforce count",data/raw/public_labour/public-labour-20261001-v2/data_f2_i1_y0.json|data/raw/public_labour/public-labour-20261001-v2/data_f2_i2_y0.json|data/raw/public_labour/public-labour-20261001-v2/data_f2_i3_y0.json
Maharashtra,2019,,Quarterly,Jan-Mar,,urban,person,15 years and above,,,,,48.3,8.3,44.3,4.0089,44.2911,0.0089,persons_per_100_population_in_matching_age_group,,all_roles,baseline_not_skill_supply,LFPR * UR / 100,"No population denominator, occupation/skill match, job-search availability or uncertainty interval; not an absolute workforce count",data/raw/public_labour/public-labour-20261001-v2/data_f2_i1_y0.json|data/raw/public_labour/public-labour-20261001-v2/data_f2_i2_y0.json|data/raw/public_labour/public-labour-20261001-v2/data_f2_i3_y0.json
Maharashtra,2019,,Quarterly,Apr-Jun,,urban,person,15 years and above,,,,,47.7,14.6,44.1,6.9642,40.7358,3.3642,persons_per_100_population_in_matching_age_group,,all_roles,baseline_not_skill_supply,LFPR * UR / 100,"No population denominator, occupation/skill match, job-search availability or uncertainty interval; not an absolute workforce count",data/raw/public_labour/public-labour-20261001-v2/data_f2_i1_y0.json|data/raw/public_labour/public-labour-20261001-v2/data_f2_i2_y0.json|data/raw/public_labour/public-labour-20261001-v2/data_f2_i3_y0.json
Maharashtra,2020,,Quarterly,Jan-Mar,,urban,person,15 years and above,,,,,49.1,6.2,46.0,3.0442,46.0558,-0.0558,persons_per_100_population_in_matching_age_group,,all_roles,baseline_not_skill_supply,LFPR * UR / 100,"No population denominator, occupation/skill match, job-search availability or uncertainty interval; not an absolute workforce count",data/raw/public_labour/public-labour-20261001-v2/data_f2_i1_y0.json|data/raw/public_labour/public-labour-20261001-v2/data_f2_i2_y0.json|data/raw/public_labour/public-labour-20261001-v2/data_f2_i3_y0.json
Maharashtra,2020,,Quarterly,Apr-Jun,,urban,person,15 years and above,,,,,46.2,35.5,29.8,16.401,29.799,0.001,persons_per_100_population_in_matching_age_group,,all_roles,baseline_not_skill_supply,LFPR * UR / 100,"No population denominator, occupation/skill match, job-search availability or uncertainty interval; not an absolute workforce count",data/raw/public_labour/public-labour-20261001-v2/data_f2_i1_y0.json|data/raw/public_labour/public-labour-20261001-v2/data_f2_i2_y0.json|data/raw/public_labour/public-labour-20261001-v2/data_f2_i3_y0.json
Maharashtra,2020,,Quarterly,Jul-Sep,,urban,person,15 years and above,,,,,48.1,22.6,37.2,10.8706,37.2294,-0.0294,persons_per_100_population_in_matching_age_group,,all_roles,baseline_not_skill_supply,LFPR * UR / 100,"No population denominator, occupation/skill match, job-search availability or uncertainty interval; not an absolute workforce count",data/raw/public_labour/public-labour-20261001-v2/data_f2_i1_y0.json|data/raw/public_labour/public-labour-20261001-v2/data_f2_i2_y0.json|data/raw/public_labour/public-labour-20261001-v2/data_f2_i3_y0.json
Maharashtra,2020,,Quarterly,Oct-Dec,,urban,person,15 years and above,,,,,44.1,15.1,37.4,6.6591,37.4409,-0.0409,persons_per_100_population_in_matching_age_group,,all_roles,baseline_not_skill_supply,LFPR * UR / 100,"No population denominator, occupation/skill match, job-search availability or uncertainty interval; not an absolute workforce count",data/raw/public_labour/public-labour-20261001-v2/data_f2_i1_y0.json|data/raw/public_labour/public-labour-20261001-v2/data_f2_i2_y0.json|data/raw/public_labour/public-labour-20261001-v2/data_f2_i3_y0.json
Maharashtra,2021,,Quarterly,Jan-Mar,,urban,person,15 years and above,,,,,45.3,13.7,39.1,6.2061,39.0939,0.0061,persons_per_100_population_in_matching_age_group,,all_roles,baseline_not_skill_supply,LFPR * UR / 100,"No population denominator, occupation/skill match, job-search availability or uncertainty interval; not an absolute workforce count",data/raw/public_labour/public-labour-20261001-v2/data_f2_i1_y0.json|data/raw/public_labour/public-labour-20261001-v2/data_f2_i2_y0.json|data/raw/public_labour/public-labour-20261001-v2/data_f2_i3_y0.json
Maharashtra,2021,,Quarterly,Apr-Jun,,urban,person,15 years and above,,,,,45.8,14.3,39.2,6.5494,39.2506,-0.0506,persons_per_100_population_in_matching_age_group,,all_roles,baseline_not_skill_supply,LFPR * UR / 100,"No population denominator, occupation/skill match, job-search availability or uncertainty interval; not an absolute workforce count",data/raw/public_labour/public-labour-20261001-v2/data_f2_i1_y0.json|data/raw/public_labour/public-labour-20261001-v2/data_f2_i2_y0.json|data/raw/public_labour/public-labour-20261001-v2/data_f2_i3_y0.json
Maharashtra,2021,,Quarterly,Jul-Sep,,urban,person,15 years and above,,,,,46.4,14.6,39.6,6.7744,39.6256,-0.0256,persons_per_100_population_in_matching_age_group,,all_roles,baseline_not_skill_supply,LFPR * UR / 100,"No population denominator, occupation/skill match, job-search availability or uncertainty interval; not an absolute workforce count",data/raw/public_labour/public-labour-20261001-v2/data_f2_i1_y0.json|data/raw/public_labour/public-labour-20261001-v2/data_f2_i2_y0.json|data/raw/public_labour/public-labour-20261001-v2/data_f2_i3_y0.json
Maharashtra,2021,,Quarterly,Oct-Dec,,urban,person,15 years and above,,,,,48.8,14.0,42.0,6.832,41.968,0.032,persons_per_100_population_in_matching_age_group,,all_roles,baseline_not_skill_supply,LFPR * UR / 100,"No population denominator, occupation/skill match, job-search availability or uncertainty interval; not an absolute workforce count",data/raw/public_labour/public-labour-20261001-v2/data_f2_i1_y0.json|data/raw/public_labour/public-labour-20261001-v2/data_f2_i2_y0.json|data/raw/public_labour/public-labour-20261001-v2/data_f2_i3_y0.json
Maharashtra,2022,,Quarterly,Jan-Mar,,urban,person,15 years and above,,,,,48.3,12.6,42.3,6.0858,42.2142,0.0858,persons_per_100_population_in_matching_age_group,,all_roles,baseline_not_skill_supply,LFPR * UR / 100,"No population denominator, occupation/skill match, job-search availability or uncertainty interval; not an absolute workforce count",data/raw/public_labour/public-labour-20261001-v2/data_f2_i1_y0.json|data/raw/public_labour/public-labour-20261001-v2/data_f2_i2_y0.json|data/raw/public_labour/public-labour-20261001-v2/data_f2_i3_y0.json
Maharashtra,2022,,Quarterly,Apr-Jun,,urban,person,15 years and above,,,,,46.5,11.4,41.2,5.301,41.199,0.001,persons_per_100_population_in_matching_age_group,,all_roles,baseline_not_skill_supply,LFPR * UR / 100,"No population denominator, occupation/skill match, job-search availability or uncertainty interval; not an absolute workforce count",data/raw/public_labour/public-labour-20261001-v2/data_f2_i1_y0.json|data/raw/public_labour/public-labour-20261001-v2/data_f2_i2_y0.json|data/raw/public_labour/public-labour-20261001-v2/data_f2_i3_y0.json
Maharashtra,2022,,Quarterly,Jul-Sep,,urban,person,15 years and above,,,,,47.7,10.1,42.8,4.8177,42.8823,-0.0823,persons_per_100_population_in_matching_age_group,,all_roles,baseline_not_skill_supply,LFPR * UR / 100,"No population denominator, occupation/skill match, job-search availability or uncertainty interval; not an absolute workforce count",data/raw/public_labour/public-labour-20261001-v2/data_f2_i1_y0.json|data/raw/public_labour/public-labour-20261001-v2/data_f2_i2_y0.json|data/raw/public_labour/public-labour-20261001-v2/data_f2_i3_y0.json
Maharashtra,2022,,Quarterly,Oct-Dec,,urban,person,15 years and above,,,,,47.7,9.8,43.0,4.6746,43.0254,-0.0254,persons_per_100_population_in_matching_age_group,,all_roles,baseline_not_skill_supply,LFPR * UR / 100,"No population denominator, occupation/skill match, job-search availability or uncertainty interval; not an absolute workforce count",data/raw/public_labour/public-labour-20261001-v2/data_f2_i1_y0.json|data/raw/public_labour/public-labour-20261001-v2/data_f2_i2_y0.json|data/raw/public_labour/public-labour-20261001-v2/data_f2_i3_y0.json
Maharashtra,2023,,Quarterly,Jan-Mar,,urban,person,15 years and above,,,,,48.0,7.7,44.4,3.696,44.304,0.096,persons_per_100_population_in_matching_age_group,,all_roles,baseline_not_skill_supply,LFPR * UR / 100,"No population denominator, occupation/skill match, job-search availability or uncertainty interval; not an absolute workforce count",data/raw/public_labour/public-labour-20261001-v2/data_f2_i1_y0.json|data/raw/public_labour/public-labour-20261001-v2/data_f2_i2_y0.json|data/raw/public_labour/public-labour-20261001-v2/data_f2_i3_y0.json
Maharashtra,2023,,Quarterly,Apr-Jun,,urban,person,15 years and above,,,,,48.2,6.7,44.9,3.2294,44.9706,-0.0706,persons_per_100_population_in_matching_age_group,,all_roles,baseline_not_skill_supply,LFPR * UR / 100,"No population denominator, occupation/skill match, job-search availability or uncertainty interval; not an absolute workforce count",data/raw/public_labour/public-labour-20261001-v2/data_f2_i1_y0.json|data/raw/public_labour/public-labour-20261001-v2/data_f2_i2_y0.json|data/raw/public_labour/public-labour-20261001-v2/data_f2_i3_y0.json
Maharashtra,2023,,Quarterly,Jul-Sep,,urban,person,15 years and above,,,,,49.1,5.9,46.2,2.8969,46.2031,-0.0031,persons_per_100_population_in_matching_age_group,,all_roles,baseline_not_skill_supply,LFPR * UR / 100,"No population denominator, occupation/skill match, job-search availability or uncertainty interval; not an absolute workforce count",data/raw/public_labour/public-labour-20261001-v2/data_f2_i1_y0.json|data/raw/public_labour/public-labour-20261001-v2/data_f2_i2_y0.json|data/raw/public_labour/public-labour-20261001-v2/data_f2_i3_y0.json
Maharashtra,2023,,Quarterly,Oct-Dec,,urban,person,15 years and above,,,,,50.4,7.1,46.8,3.5784,46.8216,-0.0216,persons_per_100_population_in_matching_age_group,,all_roles,baseline_not_skill_supply,LFPR * UR / 100,"No population denominator, occupation/skill match, job-search availability or uncertainty interval; not an absolute workforce count",data/raw/public_labour/public-labour-20261001-v2/data_f2_i1_y0.json|data/raw/public_labour/public-labour-20261001-v2/data_f2_i2_y0.json|data/raw/public_labour/public-labour-20261001-v2/data_f2_i3_y0.json
Maharashtra,2024,,Quarterly,Jan-Mar,,urban,person,15 years and above,,,,,50.9,7.7,47.0,3.9193,46.9807,0.0193,persons_per_100_population_in_matching_age_group,,all_roles,baseline_not_skill_supply,LFPR * UR / 100,"No population denominator, occupation/skill match, job-search availability or uncertainty interval; not an absolute workforce count",data/raw/public_labour/public-labour-20261001-v2/data_f2_i1_y0.json|data/raw/public_labour/public-labour-20261001-v2/data_f2_i2_y0.json|data/raw/public_labour/public-labour-20261001-v2/data_f2_i3_y0.json
Maharashtra,2024,,Quarterly,Apr-Jun,,urban,person,15 years and above,,,,,51.7,9.2,47.0,4.7564,46.9436,0.0564,persons_per_100_population_in_matching_age_group,,all_roles,baseline_not_skill_supply,LFPR * UR / 100,"No population denominator, occupation/skill match, job-search availability or uncertainty interval; not an absolute workforce count",data/raw/public_labour/public-labour-20261001-v2/data_f2_i1_y0.json|data/raw/public_labour/public-labour-20261001-v2/data_f2_i2_y0.json|data/raw/public_labour/public-labour-20261001-v2/data_f2_i3_y0.json
Maharashtra,2024,,Quarterly,Jul-Sep,,urban,person,15 years and above,,,,,51.0,10.6,45.6,5.406,45.594,0.006,persons_per_100_population_in_matching_age_group,,all_roles,baseline_not_skill_supply,LFPR * UR / 100,"No population denominator, occupation/skill match, job-search availability or uncertainty interval; not an absolute workforce count",data/raw/public_labour/public-labour-20261001-v2/data_f2_i1_y0.json|data/raw/public_labour/public-labour-20261001-v2/data_f2_i2_y0.json|data/raw/public_labour/public-labour-20261001-v2/data_f2_i3_y0.json
Maharashtra,2024,,Quarterly,Oct-Dec,,urban,person,15 years and above,,,,,50.0,8.7,45.6,4.35,45.65,-0.05,persons_per_100_population_in_matching_age_group,,all_roles,baseline_not_skill_supply,LFPR * UR / 100,"No population denominator, occupation/skill match, job-search availability or uncertainty interval; not an absolute workforce count",data/raw/public_labour/public-labour-20261001-v2/data_f2_i1_y0.json|data/raw/public_labour/public-labour-20261001-v2/data_f2_i2_y0.json|data/raw/public_labour/public-labour-20261001-v2/data_f2_i3_y0.json
Maharashtra,2025,,Quarterly,Oct-Dec,,urban,person,15 years and above,,,,,50.1,6.3,46.9,3.1563,46.9437,-0.0437,persons_per_100_population_in_matching_age_group,,all_roles,baseline_not_skill_supply,LFPR * UR / 100,"No population denominator, occupation/skill match, job-search availability or uncertainty interval; not an absolute workforce count",data/raw/public_labour/public-labour-20261001-v2/data_f2_i1_y0.json|data/raw/public_labour/public-labour-20261001-v2/data_f2_i2_y0.json|data/raw/public_labour/public-labour-20261001-v2/data_f2_i3_y0.json
Maharashtra,2025,,Quarterly,Apr-Jun,,urban,person,15 years and above,,,,,49.8,8.9,45.4,4.4322,45.3678,0.0322,persons_per_100_population_in_matching_age_group,,all_roles,baseline_not_skill_supply,LFPR * UR / 100,"No population denominator, occupation/skill match, job-search availability or uncertainty interval; not an absolute workforce count",data/raw/public_labour/public-labour-20261001-v2/data_f2_i1_y0.json|data/raw/public_labour/public-labour-20261001-v2/data_f2_i2_y0.json|data/raw/public_labour/public-labour-20261001-v2/data_f2_i3_y0.json
Maharashtra,2025,,Quarterly,Jul-Sep,,urban,person,15 years and above,,,,,51.1,7.2,47.3,3.6792,47.4208,-0.1208,persons_per_100_population_in_matching_age_group,,all_roles,baseline_not_skill_supply,LFPR * UR / 100,"No population denominator, occupation/skill match, job-search availability or uncertainty interval; not an absolute workforce count",data/raw/public_labour/public-labour-20261001-v2/data_f2_i1_y0.json|data/raw/public_labour/public-labour-20261001-v2/data_f2_i2_y0.json|data/raw/public_labour/public-labour-20261001-v2/data_f2_i3_y0.json
Maharashtra,2026,,Quarterly,Jan-Mar,,urban,person,15 years and above,,,,,50.9,6.2,47.7,3.1558,47.7442,-0.0442,persons_per_100_population_in_matching_age_group,,all_roles,baseline_not_skill_supply,LFPR * UR / 100,"No population denominator, occupation/skill match, job-search availability or uncertainty interval; not an absolute workforce count",data/raw/public_labour/public-labour-20261001-v2/data_f2_i1_y0.json|data/raw/public_labour/public-labour-20261001-v2/data_f2_i2_y0.json|data/raw/public_labour/public-labour-20261001-v2/data_f2_i3_y0.json
Maharashtra,2026,,Quarterly,Apr-Jun,,urban,person,15 years and above,,,,,50.4,5.6,47.6,2.8224,47.5776,0.0224,persons_per_100_population_in_matching_age_group,,all_roles,baseline_not_skill_supply,LFPR * UR / 100,"No population denominator, occupation/skill match, job-search availability or uncertainty interval; not an absolute workforce count",data/raw/public_labour/public-labour-20261001-v2/data_f2_i1_y0.json|data/raw/public_labour/public-labour-20261001-v2/data_f2_i2_y0.json|data/raw/public_labour/public-labour-20261001-v2/data_f2_i3_y0.json
All India,2025,,Monthly,,December,urban,person,15 years and above,,,,,50.2,6.7,46.8,3.3634,46.8366,-0.0366,persons_per_100_population_in_matching_age_group,,all_roles,baseline_not_skill_supply,LFPR * UR / 100,"No population denominator, occupation/skill match, job-search availability or uncertainty interval; not an absolute workforce count",data/raw/public_labour/public-labour-20261001-v2/data_f3_i1_y0.json|data/raw/public_labour/public-labour-20261001-v2/data_f3_i2_y0.json|data/raw/public_labour/public-labour-20261001-v2/data_f3_i3_y0.json
All India,2025,,Monthly,,November,urban,person,15 years and above,,,,,50.4,6.5,47.1,3.276,47.124,-0.024,persons_per_100_population_in_matching_age_group,,all_roles,baseline_not_skill_supply,LFPR * UR / 100,"No population denominator, occupation/skill match, job-search availability or uncertainty interval; not an absolute workforce count",data/raw/public_labour/public-labour-20261001-v2/data_f3_i1_y0.json|data/raw/public_labour/public-labour-20261001-v2/data_f3_i2_y0.json|data/raw/public_labour/public-labour-20261001-v2/data_f3_i3_y0.json
All India,2025,,Monthly,,October,urban,person,15 years and above,,,,,50.5,7.0,47.0,3.535,46.965,0.035,persons_per_100_population_in_matching_age_group,,all_roles,baseline_not_skill_supply,LFPR * UR / 100,"No population denominator, occupation/skill match, job-search availability or uncertainty interval; not an absolute workforce count",data/raw/public_labour/public-labour-20261001-v2/data_f3_i1_y0.json|data/raw/public_labour/public-labour-20261001-v2/data_f3_i2_y0.json|data/raw/public_labour/public-labour-20261001-v2/data_f3_i3_y0.json
All India,2025,,Monthly,,September,urban,person,15 years and above,,,,,50.9,6.8,47.4,3.4612,47.4388,-0.0388,persons_per_100_population_in_matching_age_group,,all_roles,baseline_not_skill_supply,LFPR * UR / 100,"No population denominator, occupation/skill match, job-search availability or uncertainty interval; not an absolute workforce count",data/raw/public_labour/public-labour-20261001-v2/data_f3_i1_y0.json|data/raw/public_labour/public-labour-20261001-v2/data_f3_i2_y0.json|data/raw/public_labour/public-labour-20261001-v2/data_f3_i3_y0.json
All India,2025,,Monthly,,August,urban,person,15 years and above,,,,,50.9,6.7,47.5,3.4103,47.4897,0.0103,persons_per_100_population_in_matching_age_group,,all_roles,baseline_not_skill_supply,LFPR * UR / 100,"No population denominator, occupation/skill match, job-search availability or uncertainty interval; not an absolute workforce count",data/raw/public_labour/public-labour-20261001-v2/data_f3_i1_y0.json|data/raw/public_labour/public-labour-20261001-v2/data_f3_i2_y0.json|data/raw/public_labour/public-labour-20261001-v2/data_f3_i3_y0.json
All India,2025,,Monthly,,July,urban,person,15 years and above,,,,,50.7,7.2,47.0,3.6504,47.0496,-0.0496,persons_per_100_population_in_matching_age_group,,all_roles,baseline_not_skill_supply,LFPR * UR / 100,"No population denominator, occupation/skill match, job-search availability or uncertainty interval; not an absolute workforce count",data/raw/public_labour/public-labour-20261001-v2/data_f3_i1_y0.json|data/raw/public_labour/public-labour-20261001-v2/data_f3_i2_y0.json|data/raw/public_labour/public-labour-20261001-v2/data_f3_i3_y0.json
All India,2025,,Monthly,,June,urban,person,15 years and above,,,,,50.4,7.1,46.8,3.5784,46.8216,-0.0216,persons_per_100_population_in_matching_age_group,,all_roles,baseline_not_skill_supply,LFPR * UR / 100,"No population denominator, occupation/skill match, job-search availability or uncertainty interval; not an absolute workforce count",data/raw/public_labour/public-labour-20261001-v2/data_f3_i1_y0.json|data/raw/public_labour/public-labour-20261001-v2/data_f3_i2_y0.json|data/raw/public_labour/public-labour-20261001-v2/data_f3_i3_y0.json
All India,2025,,Monthly,,May,urban,person,15 years and above,,,,,50.4,6.9,46.9,3.4776,46.9224,-0.0224,persons_per_100_population_in_matching_age_group,,all_roles,baseline_not_skill_supply,LFPR * UR / 100,"No population denominator, occupation/skill match, job-search availability or uncertainty interval; not an absolute workforce count",data/raw/public_labour/public-labour-20261001-v2/data_f3_i1_y0.json|data/raw/public_labour/public-labour-20261001-v2/data_f3_i2_y0.json|data/raw/public_labour/public-labour-20261001-v2/data_f3_i3_y0.json
All India,2025,,Monthly,,April,urban,person,15 years and above,,,,,50.7,6.5,47.4,3.2955,47.4045,-0.0045,persons_per_100_population_in_matching_age_group,,all_roles,baseline_not_skill_supply,LFPR * UR / 100,"No population denominator, occupation/skill match, job-search availability or uncertainty interval; not an absolute workforce count",data/raw/public_labour/public-labour-20261001-v2/data_f3_i1_y0.json|data/raw/public_labour/public-labour-20261001-v2/data_f3_i2_y0.json|data/raw/public_labour/public-labour-20261001-v2/data_f3_i3_y0.json
All India,2026,,Monthly,,August,urban,person,15 years and above,,,,,50.4,6.8,47.0,3.4272,46.9728,0.0272,persons_per_100_population_in_matching_age_group,,all_roles,baseline_not_skill_supply,LFPR * UR / 100,"No population denominator, occupation/skill match, job-search availability or uncertainty interval; not an absolute workforce count",data/raw/public_labour/public-labour-20261001-v2/data_f3_i1_y0.json|data/raw/public_labour/public-labour-20261001-v2/data_f3_i2_y0.json|data/raw/public_labour/public-labour-20261001-v2/data_f3_i3_y0.json
All India,2026,,Monthly,,July,urban,person,15 years and above,,,,,50.4,6.7,47.0,3.3768,47.0232,-0.0232,persons_per_100_population_in_matching_age_group,,all_roles,baseline_not_skill_supply,LFPR * UR / 100,"No population denominator, occupation/skill match, job-search availability or uncertainty interval; not an absolute workforce count",data/raw/public_labour/public-labour-20261001-v2/data_f3_i1_y0.json|data/raw/public_labour/public-labour-20261001-v2/data_f3_i2_y0.json|data/raw/public_labour/public-labour-20261001-v2/data_f3_i3_y0.json
All India,2026,,Monthly,,June,urban,person,15 years and above,,,,,50.1,6.6,46.8,3.3066,46.7934,0.0066,persons_per_100_population_in_matching_age_group,,all_roles,baseline_not_skill_supply,LFPR * UR / 100,"No population denominator, occupation/skill match, job-search availability or uncertainty interval; not an absolute workforce count",data/raw/public_labour/public-labour-20261001-v2/data_f3_i1_y0.json|data/raw/public_labour/public-labour-20261001-v2/data_f3_i2_y0.json|data/raw/public_labour/public-labour-20261001-v2/data_f3_i3_y0.json
All India,2026,,Monthly,,May,urban,person,15 years and above,,,,,49.8,6.4,46.6,3.1872,46.6128,-0.0128,persons_per_100_population_in_matching_age_group,,all_roles,baseline_not_skill_supply,LFPR * UR / 100,"No population denominator, occupation/skill match, job-search availability or uncertainty interval; not an absolute workforce count",data/raw/public_labour/public-labour-20261001-v2/data_f3_i1_y0.json|data/raw/public_labour/public-labour-20261001-v2/data_f3_i2_y0.json|data/raw/public_labour/public-labour-20261001-v2/data_f3_i3_y0.json
All India,2026,,Monthly,,April,urban,person,15 years and above,,,,,50.1,6.6,46.8,3.3066,46.7934,0.0066,persons_per_100_population_in_matching_age_group,,all_roles,baseline_not_skill_supply,LFPR * UR / 100,"No population denominator, occupation/skill match, job-search availability or uncertainty interval; not an absolute workforce count",data/raw/public_labour/public-labour-20261001-v2/data_f3_i1_y0.json|data/raw/public_labour/public-labour-20261001-v2/data_f3_i2_y0.json|data/raw/public_labour/public-labour-20261001-v2/data_f3_i3_y0.json
All India,2026,,Monthly,,March,urban,person,15 years and above,,,,,50.3,6.8,46.8,3.4204,46.8796,-0.0796,persons_per_100_population_in_matching_age_group,,all_roles,baseline_not_skill_supply,LFPR * UR / 100,"No population denominator, occupation/skill match, job-search availability or uncertainty interval; not an absolute workforce count",data/raw/public_labour/public-labour-20261001-v2/data_f3_i1_y0.json|data/raw/public_labour/public-labour-20261001-v2/data_f3_i2_y0.json|data/raw/public_labour/public-labour-20261001-v2/data_f3_i3_y0.json
All India,2026,,Monthly,,February,urban,person,15 years and above,,,,,50.4,6.6,47.0,3.3264,47.0736,-0.0736,persons_per_100_population_in_matching_age_group,,all_roles,baseline_not_skill_supply,LFPR * UR / 100,"No population denominator, occupation/skill match, job-search availability or uncertainty interval; not an absolute workforce count",data/raw/public_labour/public-labour-20261001-v2/data_f3_i1_y0.json|data/raw/public_labour/public-labour-20261001-v2/data_f3_i2_y0.json|data/raw/public_labour/public-labour-20261001-v2/data_f3_i3_y0.json
All India,2026,,Monthly,,January,urban,person,15 years and above,,,,,50.3,7.0,46.8,3.521,46.779,0.021,persons_per_100_population_in_matching_age_group,,all_roles,baseline_not_skill_supply,LFPR * UR / 100,"No population denominator, occupation/skill match, job-search availability or uncertainty interval; not an absolute workforce count",data/raw/public_labour/public-labour-20261001-v2/data_f3_i1_y0.json|data/raw/public_labour/public-labour-20261001-v2/data_f3_i2_y0.json|data/raw/public_labour/public-labour-20261001-v2/data_f3_i3_y0.json
