state_code,state,district_code,district,subdistrict_code,subdistrict,town_code,town,households,population,male_population,female_population
27,Maharashtra,497,NANDURBAR,03950,AKKALKUWA,525192,Khapar (CT),1459,7235,3697,3538
27,Maharashtra,497,NANDURBAR,03950,AKKALKUWA,525193,Akkalkuwa (CT),1929,17840,13273,4567
27,Maharashtra,497,NANDURBAR,03950,AKKALKUWA,525194,Makranifali (CT),979,4812,2412,2400
27,Maharashtra,497,NANDURBAR,03951,AKRANI,525357,Vadfalya (CT),1109,6093,3212,2881
27,Maharashtra,497,NANDURBAR,03952,TALODE,802640,Talode (M Cl),5028,26363,13303,13060
27,Maharashtra,497,NANDURBAR,03953,SHAHADE,802641,Shahade (M Cl),11633,61376,31414,29962
27,Maharashtra,497,NANDURBAR,03954,NANDURBAR,802642,Nandurbar (M Cl),20904,111037,57412,53625
27,Maharashtra,497,NANDURBAR,03955,NAWAPUR,802643,Nawapur (M Cl),6415,34207,17487,16720
27,Maharashtra,497,NANDURBAR,03955,NAWAPUR,525949,Khandbara (CT),1282,6511,3289,3222
27,Maharashtra,498,DHULE,03956,SHIRPUR,802644,Shirpur-Warwade (M Cl) ,15187,76905,40235,36670
27,Maharashtra,498,DHULE,03957,SINDKHEDE,802645,Dondaicha-Warwade(M Cl) ,9479,46767,24011,22756
27,Maharashtra,498,DHULE,03958,SAKRI,526463,Nijampur (CT),1529,7696,3963,3733
27,Maharashtra,498,DHULE,03958,SAKRI,526464,Sakri (CT),4638,21764,11202,10562
27,Maharashtra,498,DHULE,03959,DHULE,802646,Dhule (M Corp.) ,72076,375559,193446,182113
27,Maharashtra,498,DHULE,03959,DHULE,526630,Walwadi (CT),6492,29636,15516,14120
27,Maharashtra,498,DHULE,03959,DHULE,526631,Mahindale (CT),1717,7977,4196,3781
27,Maharashtra,498,DHULE,03959,DHULE,526632,Awadhan (CT),1039,4732,2546,2186
27,Maharashtra,499,JALGAON,03960,CHOPDA,802647,Chopda (M Cl) ,13815,72783,37601,35182
27,Maharashtra,499,JALGAON,03961,YAWAL,802648,Yawal (M Cl) ,7363,36706,18965,17741
27,Maharashtra,499,JALGAON,03961,YAWAL,802649,Faizpur (M Cl),5546,26602,13673,12929
27,Maharashtra,499,JALGAON,03962,RAVER,802650,Savda (M Cl) ,4337,20584,10637,9947
27,Maharashtra,499,JALGAON,03962,RAVER,802651,Raver (M Cl) ,4926,27039,13843,13196
27,Maharashtra,499,JALGAON,03965,BHUSAWAL,802652,Bhusawal (M Cl) ,38668,187421,96147,91274
27,Maharashtra,499,JALGAON,03965,BHUSAWAL,527148,Nimbhore Budruk (CT),1713,7501,4006,3495
27,Maharashtra,499,JALGAON,03965,BHUSAWAL,527149,Kandari (CT),3545,16353,8570,7783
27,Maharashtra,499,JALGAON,03965,BHUSAWAL,527150,Varangaon (CT),7783,35411,18385,17026
27,Maharashtra,499,JALGAON,03966,JALGAON,802653,Jalgaon (M Corp.),99361,460228,240590,219638
27,Maharashtra,499,JALGAON,03967,ERANDOL,802654,Erandol (M Cl),6235,31071,16000,15071
27,Maharashtra,499,JALGAON,03968,DHARANGAON,802655,Dharangaon (M Cl) ,6753,35375,18211,17164
27,Maharashtra,499,JALGAON,03969,AMALNER,802656,Amalner (M Cl) ,19742,95994,49564,46430
27,Maharashtra,499,JALGAON,03970,PAROLA,802657,Parola (M Cl),7325,37666,19552,18114
27,Maharashtra,499,JALGAON,03971,BHADGAON,802658,Bhadgaon (M Cl),7736,37214,19334,17880
27,Maharashtra,499,JALGAON,03972,CHALISGAON,802659,Chalisgaon(M Cl),19940,97551,50737,46814
27,Maharashtra,499,JALGAON,03972,CHALISGAON,527863,Takali Pr. Chalisgaon (CT),2296,10630,5688,4942
27,Maharashtra,499,JALGAON,03973,PACHORA,802660,Pachora (M Cl) ,12325,59609,30958,28651
27,Maharashtra,499,JALGAON,03973,PACHORA,527991,Pachora (Rural) (CT),50,211,120,91
27,Maharashtra,499,JALGAON,03974,JAMNER,802661,Jamner (M Cl) ,9614,46762,24270,22492
27,Maharashtra,500,BULDANA,03975,JALGAON (JAMOD),802662,Jalgaon (Jamod) (M Cl),5395,28276,14550,13726
27,Maharashtra,500,BULDANA,03977,SHEGAON,802663,Shegaon (M Cl),12031,59672,30547,29125
27,Maharashtra,500,BULDANA,03978,NANDURA,802664,Nandura (M Cl + OG),8775,44419,22848,21571
27,Maharashtra,500,BULDANA,03979,MALKAPUR,802665,Malkapur (M Cl),12879,67740,34693,33047
27,Maharashtra,500,BULDANA,03981,KHAMGAON,802666,Khamgaon (M Cl),19185,94191,48368,45823
27,Maharashtra,500,BULDANA,03982,MEHKAR,802667,Mehkar (M Cl),9068,45248,23274,21974
27,Maharashtra,500,BULDANA,03983,CHIKHLI,802668,Chikhli (M Cl),11864,57889,29977,27912
27,Maharashtra,500,BULDANA,03984,BULDANA,802669,Buldana (M Cl),14098,67431,34502,32929
27,Maharashtra,500,BULDANA,03984,BULDANA,529327,Sundarkhed (CT),2938,13317,6938,6379
27,Maharashtra,500,BULDANA,03985,DEOLGAON RAJA,802670,Deulgaon Raja (M Cl),5972,30827,15954,14873
27,Maharashtra,500,BULDANA,03986,SINDKHED RAJA,802671,Sindkhed Raja (M Cl),3377,16434,8553,7881
27,Maharashtra,500,BULDANA,03987,LONAR,802672,Lonar (M Cl),4638,23416,12114,11302
27,Maharashtra,501,AKOLA,03988,TELHARA,802673,Telhara (M Cl),4518,20986,10759,10227
27,Maharashtra,501,AKOLA,03989,AKOT,802674,Akot (M Cl),18441,92637,47733,44904
27,Maharashtra,501,AKOLA,03990,BALAPUR,802675,Balapur (M Cl),7761,44594,22909,21685
27,Maharashtra,501,AKOLA,03991,AKOLA,802676,Akola (M Corp.),86016,425817,217393,208424
27,Maharashtra,501,AKOLA,03991,AKOLA,530164,Umari Pr. Akola (CT),1472,6756,3527,3229
27,Maharashtra,501,AKOLA,03991,AKOLA,530165,Umri Pragane Balapur (CT),4702,20262,10469,9793
27,Maharashtra,501,AKOLA,03991,AKOLA,530166,Shivar (CT),1382,6047,3161,2886
27,Maharashtra,501,AKOLA,03991,AKOLA,530167,Shivani (CT),2907,13699,7022,6677
27,Maharashtra,501,AKOLA,03991,AKOLA,530168,Malkapur (CT),3476,15420,7955,7465
27,Maharashtra,501,AKOLA,03991,AKOLA,530169,Khadki Bk (CT),2712,12133,6284,5849
27,Maharashtra,501,AKOLA,03992,MURTIJAPUR,802677,Murtijapur (M Cl),8230,40295,20309,19986
27,Maharashtra,501,AKOLA,03993,PATUR,802678,Patur (M Cl),3913,21095,10880,10215
27,Maharashtra,502,WASHIM,03996,MANGRULPIR,802679,Mangrulpir (M Cl),5830,30983,15963,15020
27,Maharashtra,502,WASHIM,03997,KARANJA,802680,Karanja (M Cl),13095,67907,34703,33204
27,Maharashtra,502,WASHIM,03999,WASHIM,802681,Washim (M Cl),15393,78387,40262,38125
27,Maharashtra,502,WASHIM,04000,RISOD,802682,Risod (M Cl),6743,34136,17647,16489
27,Maharashtra,503,AMRAVATI,04001,DHARNI,531532,Dharni (CT),3234,15761,8075,7686
27,Maharashtra,503,AMRAVATI,04002,CHIKHALDARA,802683,Chikhaldara (M Cl) ,948,5158,2789,2369
27,Maharashtra,503,AMRAVATI,04003,ANJANGAON SURJI,802684,Anjangaon (M Cl),11168,56380,29017,27363
27,Maharashtra,503,AMRAVATI,04004,ACHALPUR,802685,Achalpur (M Cl),21756,112311,58108,54203
27,Maharashtra,503,AMRAVATI,04005,CHANDURBAZAR,802686,Chandurbazar (M Cl),3598,18759,9529,9230
27,Maharashtra,503,AMRAVATI,04006,MORSHI,802687,Morshi (M Cl),8268,37333,19031,18302
27,Maharashtra,503,AMRAVATI,04007,WARUD,802688,Warud (M Cl),9957,45482,23182,22300
27,Maharashtra,503,AMRAVATI,04007,WARUD,802689,Shendurjana (M Cl),4703,21748,11227,10521
27,Maharashtra,503,AMRAVATI,04009,AMRAVATI,802690,Amravati (M Corp.),136796,647057,329992,317065
27,Maharashtra,503,AMRAVATI,04011,DARYAPUR,802691,Daryapur Banosa (M Cl) ,7625,36463,18590,17873
27,Maharashtra,503,AMRAVATI,04013,CHANDUR RAILWAY,802692,Chandur Railway (M Cl),4337,19776,9982,9794
27,Maharashtra,503,AMRAVATI,04014,DHAMANGAON RAILWAY,802693,Dattapur Dhamangaon (M Cl),4779,21059,10613,10446
27,Maharashtra,504,WARDHA,04017,ARVI,802694,Arvi (M Cl),9550,42822,21958,20864
27,Maharashtra,504,WARDHA,04018,SELOO,802695,Sindi (M Cl),2938,12858,6598,6260
27,Maharashtra,504,WARDHA,04019,WARDHA,802696,Wardha (M Cl),24186,106444,53697,52747
27,Maharashtra,504,WARDHA,04019,WARDHA,534191,Pipri (CT),5666,23661,12205,11456
27,Maharashtra,504,WARDHA,04019,WARDHA,534192,Sindi Turf Hindnagar (CT),4974,20956,10823,10133
27,Maharashtra,504,WARDHA,04019,WARDHA,534193,Warud (CT),1512,6386,3250,3136
27,Maharashtra,504,WARDHA,04019,WARDHA,534194,Masala (CT),2136,8883,4535,4348
27,Maharashtra,504,WARDHA,04019,WARDHA,534195,Nalwadi (CT),3020,12119,6109,6010
27,Maharashtra,504,WARDHA,04019,WARDHA,534196,Borgaon (Meghe) (CT),4738,19759,10236,9523
27,Maharashtra,504,WARDHA,04019,WARDHA,534197,Sawangi (Meghe) (CT),3042,14394,6954,7440
27,Maharashtra,504,WARDHA,04020,DEOLI,802697,Pulgaon (M Cl),7655,33925,17573,16352
27,Maharashtra,504,WARDHA,04020,DEOLI,802698,Deoli (M Cl),4527,19288,9996,9292
27,Maharashtra,504,WARDHA,04021,HINGANGHAT,802699,Hinganghat (M Cl),23409,101805,52577,49228
27,Maharashtra,505,NAGPUR,04023,NARKHED,802700,Mowad (M Cl),2021,8777,4444,4333
27,Maharashtra,505,NAGPUR,04023,NARKHED,802701,Narkhed (M Cl),4739,21127,10807,10320
27,Maharashtra,505,NAGPUR,04024,KATOL,802702,Katol (M Cl),9866,43267,22064,21203
27,Maharashtra,505,NAGPUR,04025,KALAMESHWAR,802703,Kalameshwar (M Cl) ,4536,19578,10047,9531
27,Maharashtra,505,NAGPUR,04025,KALAMESHWAR,802704,Mohpa (M Cl),1637,6987,3520,3467
27,Maharashtra,505,NAGPUR,04025,KALAMESHWAR,535202,Bamhni (CT),2450,10341,5407,4934
27,Maharashtra,505,NAGPUR,04026,SAVNER,802705,Savner (M Cl),7423,32498,16570,15928
27,Maharashtra,505,NAGPUR,04026,SAVNER,802706,Khapa (M Cl),3202,14659,7449,7210
27,Maharashtra,505,NAGPUR,04026,SAVNER,535332,Waghoda (CT),1639,7628,4009,3619
27,Maharashtra,505,NAGPUR,04026,SAVNER,535333,Walani (CT),1762,9393,4939,4454
27,Maharashtra,505,NAGPUR,04026,SAVNER,535334,Sillewada (CT),1457,7290,3867,3423
27,Maharashtra,505,NAGPUR,04026,SAVNER,535335,Chandkapur (CT),2447,12077,6389,5688
27,Maharashtra,505,NAGPUR,04026,SAVNER,535336,Chicholi (CT),4122,18469,9499,8970
27,Maharashtra,505,NAGPUR,04027,PARSEONI,535451,Tekadi (CT),2498,13741,7077,6664
27,Maharashtra,505,NAGPUR,04027,PARSEONI,535452,Kanhan (Pipri) (CT),4778,22945,11669,11276
27,Maharashtra,505,NAGPUR,04027,PARSEONI,535453,Kandri (CT),2115,10624,5529,5095
27,Maharashtra,505,NAGPUR,04028,RAMTEK,802707,Ramtek (M Cl),4929,22310,11321,10989
27,Maharashtra,505,NAGPUR,04028,RAMTEK,535610,Kandri (CT),1152,5099,2516,2583
27,Maharashtra,505,NAGPUR,04029,MAUDA,535734,Mouda (CT),3476,14606,7564,7042
27,Maharashtra,505,NAGPUR,04030,KAMPTEE,802708,Kamptee (M Cl),16541,86793,43470,43323
27,Maharashtra,505,NAGPUR,04030,KAMPTEE,802709,Kamptee (CB),2276,12457,8039,4418
27,Maharashtra,505,NAGPUR,04030,KAMPTEE,535809,Mahadula (CT),5026,21481,11145,10336
27,Maharashtra,505,NAGPUR,04030,KAMPTEE,535810,Koradi (CT),1419,6321,3265,3056
27,Maharashtra,505,NAGPUR,04030,KAMPTEE,535811,Yerkheda (CT),3285,15727,8002,7725
27,Maharashtra,505,NAGPUR,04031,NAGPUR (RURAL),535965,Bhokara (CT),1977,8602,4556,4046
27,Maharashtra,505,NAGPUR,04031,NAGPUR (RURAL),535966,Narsala (CT),3982,17330,8854,8476
27,Maharashtra,505,NAGPUR,04031,NAGPUR (RURAL),535967,Hudkeshwar bk. (CT),5602,24499,12543,11956
27,Maharashtra,505,NAGPUR,04031,NAGPUR (RURAL),535968,Borkhedi (CT),3519,13294,7008,6286
27,Maharashtra,505,NAGPUR,04031,NAGPUR (RURAL),535969,Bori (CT),2896,12072,6307,5765
27,Maharashtra,505,NAGPUR,04031,NAGPUR (RURAL),535970,Wadi (CT),12842,54048,28143,25905
27,Maharashtra,505,NAGPUR,04031,NAGPUR (RURAL),535971,Davlameti (CT),3404,14545,7529,7016
27,Maharashtra,505,NAGPUR,04031,NAGPUR (RURAL),535972,Sonegaon (Nipani) (CT),2293,9387,4937,4450
27,Maharashtra,505,NAGPUR,04032,NAGPUR (URBAN),802710,Nagpur (M Corp.),527634,2405665,1225405,1180260
27,Maharashtra,505,NAGPUR,04033,HINGNA,536123,Nildoh (CT),5483,20888,11566,9322
27,Maharashtra,505,NAGPUR,04033,HINGNA,536124,Digdoh (CT),9640,38157,20590,17567
27,Maharashtra,505,NAGPUR,04033,HINGNA,536125,Wanadongri (CT),9169,37667,20171,17496
27,Maharashtra,505,NAGPUR,04033,HINGNA,536126,Waddhamana (CT),1348,6148,3133,3015
27,Maharashtra,505,NAGPUR,04033,HINGNA,536127,Nagalwadi (CT),643,2562,1345,1217
27,Maharashtra,505,NAGPUR,04033,HINGNA,536128,Isasani (CT),1095,4366,2257,2109
27,Maharashtra,505,NAGPUR,04033,HINGNA,536129,Takalghat (CT),2947,11363,6210,5153
27,Maharashtra,505,NAGPUR,04034,UMRED,802711,Umred (M Cl),12277,53971,27456,26515
27,Maharashtra,506,BHANDARA,04037,TUMSAR,802712,Tumsar (M Cl),10057,44869,22568,22301
27,Maharashtra,506,BHANDARA,04037,TUMSAR,536793,Chikhala (CT),1004,4352,2147,2205
27,Maharashtra,506,BHANDARA,04038,MOHADI,536901,Warthi (CT),3065,13058,6629,6429
27,Maharashtra,506,BHANDARA,04039,BHANDARA,802713,Bhandara (M Cl),20429,91845,46409,45436
27,Maharashtra,506,BHANDARA,04039,BHANDARA,537068,Thana (CT),1481,6339,3256,3083
27,Maharashtra,506,BHANDARA,04039,BHANDARA,537069,Shahapur (CT),1039,4459,2237,2222
27,Maharashtra,506,BHANDARA,04039,BHANDARA,537070,Bela (CT),1344,5914,2892,3022
27,Maharashtra,506,BHANDARA,04039,BHANDARA,537071,Ganeshpur (CT),2142,9192,4688,4504
27,Maharashtra,506,BHANDARA,04039,BHANDARA,537072,Sawari Jawharnagar (CT),2138,8770,4442,4328
27,Maharashtra,506,BHANDARA,04040,SAKOLI,537168,Sakoli (CT),3397,14636,7392,7244
27,Maharashtra,506,BHANDARA,04041,LAKHANI,537272,Murmadi (CT),1834,7576,3862,3714
27,Maharashtra,506,BHANDARA,04042,PAUNI,802714,Pauni (M Cl),5213,22821,11514,11307
27,Maharashtra,507,GONDIYA *,04044,TIRORA,802715,Tirora (M Cl),5421,25181,12739,12442
27,Maharashtra,507,GONDIYA *,04046,GONDIYA,802716,Gondiya (M Cl),28337,132813,66500,66313
27,Maharashtra,507,GONDIYA *,04046,GONDIYA,537887,Kudwa (CT),2471,11549,6076,5473
27,Maharashtra,507,GONDIYA *,04046,GONDIYA,537888,Katangi Kala (CT),1401,6440,3232,3208
27,Maharashtra,507,GONDIYA *,04046,GONDIYA,537889,Fulchur (CT),1167,5480,2756,2724
27,Maharashtra,507,GONDIYA *,04046,GONDIYA,537890,Khamari (CT),1515,6794,3387,3407
27,Maharashtra,507,GONDIYA *,04047,AMGAON,537972,Amgaon bk. (CT),2316,10972,5448,5524
27,Maharashtra,507,GONDIYA *,04047,AMGAON,537973,Risama (CT),1489,6925,3485,3440
27,Maharashtra,507,GONDIYA *,04048,SALEKASA,538065,Amgaon kh. (CT),1144,5197,2603,2594
27,Maharashtra,507,GONDIYA *,04051,DEORI,538467,Deori (CT),3268,14579,7394,7185
27,Maharashtra,508,GADCHIROLI,04052,DESAIGANJ (VADASA),802717,Desaiganj (M Cl),6511,28781,14388,14393
27,Maharashtra,508,GADCHIROLI,04054,KURKHEDA,538734,Kurkheda (CT),1799,7430,3798,3632
27,Maharashtra,508,GADCHIROLI,04057,GADCHIROLI,802718,Gadchiroli (M Cl),13111,54152,27569,26583
27,Maharashtra,508,GADCHIROLI,04058,CHAMORSHI,539421,Ashti (CT),1404,5634,2886,2748
27,Maharashtra,508,GADCHIROLI,04062,AHERI,539998,Aheri (CT),3383,14609,7599,7010
27,Maharashtra,508,GADCHIROLI,04063,SIRONCHA,540146,Sironcha Ry. (CT),1814,7427,3798,3629
27,Maharashtra,509,CHANDRAPUR,04064,WARORA,802719,Warora (M Cl),10813,46532,23424,23108
27,Maharashtra,509,CHANDRAPUR,04067,BRAHMAPURI,802720,Brahmapuri (M Cl),8575,36025,18052,17973
27,Maharashtra,509,CHANDRAPUR,04070,BHADRAVATI,802721,Bhadravati (M Cl),14617,60565,31451,29114
27,Maharashtra,509,CHANDRAPUR,04070,BHADRAVATI,541242,Shivaji Nagar (CT),2755,13877,7312,6565
27,Maharashtra,509,CHANDRAPUR,04071,CHANDRAPUR,802722,Chandrapur (M Cl),74276,320379,164085,156294
27,Maharashtra,509,CHANDRAPUR,04071,CHANDRAPUR,541334,Kondumal (CT),2642,10497,5405,5092
27,Maharashtra,509,CHANDRAPUR,04071,CHANDRAPUR,541335,Durgapur (CT),4178,17693,9069,8624
27,Maharashtra,509,CHANDRAPUR,04071,CHANDRAPUR,541336,Urjanagar (CT),1192,4748,2430,2318
27,Maharashtra,509,CHANDRAPUR,04071,CHANDRAPUR,541337,Tadali (CT),1211,4942,2597,2345
27,Maharashtra,509,CHANDRAPUR,04071,CHANDRAPUR,541338,Padoli (CT),1275,5275,2777,2498
27,Maharashtra,509,CHANDRAPUR,04071,CHANDRAPUR,541339,Ghugus (CT),7438,32654,16980,15674
27,Maharashtra,509,CHANDRAPUR,04071,CHANDRAPUR,541340,Nakoda (CT),1429,5634,2947,2687
27,Maharashtra,509,CHANDRAPUR,04072,MUL,802723,Mul (M Cl),6090,25449,12764,12685
27,Maharashtra,509,CHANDRAPUR,04074,BALLARPUR,802724,Ballarpur (M Cl),19596,89452,45877,43575
27,Maharashtra,509,CHANDRAPUR,04074,BALLARPUR,541549,Nandgaon Pode (CT),900,3836,2012,1824
27,Maharashtra,509,CHANDRAPUR,04074,BALLARPUR,541550,Visapur (CT),2280,9398,4831,4567
27,Maharashtra,509,CHANDRAPUR,04075,KORPANA,541661,Awalpur (CT),1221,4882,2506,2376
27,Maharashtra,509,CHANDRAPUR,04075,KORPANA,541662,Nanda (CT),2238,9378,4901,4477
27,Maharashtra,509,CHANDRAPUR,04075,KORPANA,541663,Chandur (CT),6478,26755,13841,12914
27,Maharashtra,509,CHANDRAPUR,04077,RAJURA,802725,Rajura (M Cl),6907,29668,15337,14331
27,Maharashtra,509,CHANDRAPUR,04077,RAJURA,541855,Sasti (CT),1058,4320,2251,2069
27,Maharashtra,509,CHANDRAPUR,04077,RAJURA,541856,Dhopatala (CT),1153,4945,2577,2368
27,Maharashtra,509,CHANDRAPUR,04078,GONDPIPRI,541954,Gondpipri (CT),2136,8474,4302,4172
27,Maharashtra,510,YAVATMAL,04079,NER,802726,Ner (M Cl),6585,29302,14762,14540
27,Maharashtra,510,YAVATMAL,04082,YAVATMAL,802727,Yavatmal (M Cl),26173,116551,58549,58002
27,Maharashtra,510,YAVATMAL,04082,YAVATMAL,542500,Pimpalgaon (CT),2009,8317,4205,4112
27,Maharashtra,510,YAVATMAL,04082,YAVATMAL,542501,Yavatmal (R) (CT),3126,14766,7571,7195
27,Maharashtra,510,YAVATMAL,04082,YAVATMAL,542502,Waghapur (CT),3054,12684,6510,6174
27,Maharashtra,510,YAVATMAL,04082,YAVATMAL,542503,Lohara (CT),5585,22664,11654,11010
27,Maharashtra,510,YAVATMAL,04082,YAVATMAL,542504,Umarsara (CT),5292,21752,11138,10614
27,Maharashtra,510,YAVATMAL,04082,YAVATMAL,542505,Wadgaon Road (CT),9909,40884,20923,19961
27,Maharashtra,510,YAVATMAL,04083,DARWHA,802728,Darwha (M Cl),5038,25791,13341,12450
27,Maharashtra,510,YAVATMAL,04083,DARWHA,542651,Deogiri (CT),1815,8303,4319,3984
27,Maharashtra,510,YAVATMAL,04084,DIGRAS,802729,Digras (M Cl),9064,44767,22780,21987
27,Maharashtra,510,YAVATMAL,04085,PUSAD,802730,Pusad (M Cl),14905,73046,37366,35680
27,Maharashtra,510,YAVATMAL,04085,PUSAD,542919,Shrirampur (CT),2240,9949,5112,4837
27,Maharashtra,510,YAVATMAL,04086,UMARKHED,802731,Umarkhed (M Cl),9220,47458,24268,23190
27,Maharashtra,510,YAVATMAL,04089,GHATANJI,802732,Ghatanji (M Cl),4848,21293,11026,10267
27,Maharashtra,510,YAVATMAL,04090,KELAPUR,802733,Pandharkaoda (M Cl),6895,31094,15681,15413
27,Maharashtra,510,YAVATMAL,04094,WANI,802734,Wani (M Cl),13308,58840,29973,28867
27,Maharashtra,510,YAVATMAL,04094,WANI,544100,Rajur (CT),2318,10692,5639,5053
27,Maharashtra,511,NANDED,04096,KINWAT,802735,Kinwat (M Cl),5871,28454,14481,13973
27,Maharashtra,511,NANDED,04096,KINWAT,544383,Gokunda (CT),2300,11600,6039,5561
27,Maharashtra,511,NANDED,04098,HADGAON,802736,Hadgaon (M Cl),5217,27433,14066,13367
27,Maharashtra,511,NANDED,04100,NANDED,802737,Nanded Waghala (M Corp.),102997,550439,285433,265006
27,Maharashtra,511,NANDED,04100,NANDED,544752,Wajegaon (CT),1660,9772,4977,4795
27,Maharashtra,511,NANDED,04100,NANDED,544753,Dhanegaon (CT),1864,9809,5049,4760
27,Maharashtra,511,NANDED,04100,NANDED,544754,Balirampur (CT),2193,11939,6177,5762
27,Maharashtra,511,NANDED,04101,MUDKHED,802738,Mudkhed (M Cl),3902,23517,12647,10870
27,Maharashtra,511,NANDED,04102,BHOKAR,802739,Bhokar (M Cl),6250,32899,17104,15795
27,Maharashtra,511,NANDED,04103,UMRI,802740,Peth Umri (M Cl),2580,13501,6868,6633
27,Maharashtra,511,NANDED,04104,DHARMABAD,802741,Dharmabad (M Cl),6596,33741,16919,16822
27,Maharashtra,511,NANDED,04105,BILOLI,802742,Kundalwadi (M Cl),2888,14760,7413,7347
27,Maharashtra,511,NANDED,04105,BILOLI,802743,Biloli (M Cl),2707,14923,7569,7354
27,Maharashtra,511,NANDED,04107,LOHA,802744,Loha (M Cl),4426,24125,12334,11791
27,Maharashtra,511,NANDED,04108,KANDHAR,802745,Kandhar (M Cl),4411,24843,13048,11795
27,Maharashtra,511,NANDED,04109,MUKHED,802746,Mukhed (M Cl),5081,27650,14184,13466
27,Maharashtra,511,NANDED,04110,DEGLUR,802747,Deglur (M Cl),10150,54493,27607,26886
27,Maharashtra,512,HINGOLI *,04112,HINGOLI,802748,Hingoli (M Cl),15858,85103,43356,41747
27,Maharashtra,512,HINGOLI *,04114,KALAMNURI,802749,Kalamnuri (M Cl),4350,24784,12952,11832
27,Maharashtra,512,HINGOLI *,04115,BASMATH,802750,Basmath (M Cl),12405,68846,35556,33290
27,Maharashtra,513,PARBHANI,04116,SAILU,802751,Sailu (M Cl),8761,46915,24128,22787
27,Maharashtra,513,PARBHANI,04117,JINTUR,802752,Jintur (M Cl),7722,44291,22616,21675
27,Maharashtra,513,PARBHANI,04118,PARBHANI,802753,Parbhani (M Cl),56566,307170,156520,150650
27,Maharashtra,513,PARBHANI,04119,MANWATH,802754,Manwath (M Cl),6011,32488,16522,15966
27,Maharashtra,513,PARBHANI,04120,PATHRI,802755,Pathri (M Cl),6661,36853,19025,17828
27,Maharashtra,513,PARBHANI,04121,SONPETH,802756,Sonpeth (M Cl),3031,15765,8120,7645
27,Maharashtra,513,PARBHANI,04122,GANGAKHED,802757,Gangakhed (M Cl),9316,49891,25556,24335
27,Maharashtra,513,PARBHANI,04124,PURNA,802758,Purna (M Cl),6663,36433,18497,17936
27,Maharashtra,514,JALNA,04125,BHOKARDAN,802759,Bhokardan (M Cl),4544,24416,12751,11665
27,Maharashtra,514,JALNA,04127,JALNA,802760,Jalna (M Cl),53730,285577,147092,138485
27,Maharashtra,514,JALNA,04129,AMBAD,802761,Ambad (M Cl),6174,31553,15950,15603
27,Maharashtra,514,JALNA,04131,PARTUR,802762,Partur (M Cl),6345,35883,18401,17482
27,Maharashtra,515,AURANGABAD,04133,KANNAD,802763,Kannad (M Cl),7707,40759,21144,19615
27,Maharashtra,515,AURANGABAD,04135,SILLOD,802764,Sillod (M Cl),10973,58230,30074,28156
27,Maharashtra,515,AURANGABAD,04137,AURANGABAD,802765,Aurangabad (M Corp.),236659,1175116,609206,565910
27,Maharashtra,515,AURANGABAD,04137,AURANGABAD,802766,Aurangabad (CB),3263,18051,9639,8412
27,Maharashtra,515,AURANGABAD,04137,AURANGABAD,548933,Wadgaon Kolhati (CT),16906,65620,35634,29986
27,Maharashtra,515,AURANGABAD,04137,AURANGABAD,548934,Satara (CT),8194,39973,21044,18929
27,Maharashtra,515,AURANGABAD,04137,AURANGABAD,548935,Pandharpur (CT),2320,10346,5529,4817
27,Maharashtra,515,AURANGABAD,04138,KHULDABAD,802767,Khuldabad (M Cl),2861,15749,8112,7637
27,Maharashtra,515,AURANGABAD,04139,VAIJAPUR,802768,Vaijapur (M Cl),8135,41296,21243,20053
27,Maharashtra,515,AURANGABAD,04140,GANGAPUR,802769,Gangapur (M Cl),5398,27745,14371,13374
27,Maharashtra,515,AURANGABAD,04140,GANGAPUR,549399,Anantpur (CT),1276,6166,3157,3009
27,Maharashtra,515,AURANGABAD,04140,GANGAPUR,549400,Harsul (CT),967,4979,2504,2475
27,Maharashtra,515,AURANGABAD,04140,GANGAPUR,549401,Ranjangaon (s) (CT),11023,42877,23019,19858
27,Maharashtra,515,AURANGABAD,04140,GANGAPUR,549402,Waluj Bk. (CT),4387,20220,10592,9628
27,Maharashtra,515,AURANGABAD,04141,PAITHAN,802770,Paithan (M Cl),8350,41536,21269,20267
27,Maharashtra,515,AURANGABAD,04141,PAITHAN,549592,Chitegaon (CT),2546,11507,6107,5400
27,Maharashtra,516,NASHIK,04142,SURGANA,549783,Surgana (CT),1218,6263,3195,3068
27,Maharashtra,516,NASHIK,04145,BAGLAN,802771,Satana (M Cl),7800,37701,19449,18252
27,Maharashtra,516,NASHIK,04146,MALEGAON,802772,Malegaon (M Corp. + OG),80415,481228,244080,237148
27,Maharashtra,516,NASHIK,04146,MALEGAON,550299,Dyane (CT),8371,49192,25181,24011
27,Maharashtra,516,NASHIK,04146,MALEGAON,550300,Soyagaon (CT),7336,34341,18070,16271
27,Maharashtra,516,NASHIK,04146,MALEGAON,550301,Sangameshwar (CT),2226,10815,5634,5181
27,Maharashtra,516,NASHIK,04146,MALEGAON,550302,Maldhe (CT),1961,11881,6071,5810
27,Maharashtra,516,NASHIK,04147,NANDGAON,802773,Nandgaon (M Cl),4805,23604,12130,11474
27,Maharashtra,516,NASHIK,04147,NANDGAON,802774,Manmad (M Cl),16077,80058,40816,39242
27,Maharashtra,516,NASHIK,04148,CHANDVAD,550516,Chandvad (CT),4945,25341,13284,12057
27,Maharashtra,516,NASHIK,04151,TRIMBAKESHWAR,802775,Trimbak (M Cl),2266,12056,6170,5886
27,Maharashtra,516,NASHIK,04152,NASHIK,802776,Nashik (M Corp.),336333,1486053,782517,703536
27,Maharashtra,516,NASHIK,04152,NASHIK,802777,Deolali (CB),11696,54027,28269,25758
27,Maharashtra,516,NASHIK,04152,NASHIK,802778,Bhagur (M Cl),2545,12353,6201,6152
27,Maharashtra,516,NASHIK,04152,NASHIK,551018,Samangaon (CT),1027,5156,2693,2463
27,Maharashtra,516,NASHIK,04152,NASHIK,551019,Vilholi (CT),1403,6798,3558,3240
27,Maharashtra,516,NASHIK,04152,NASHIK,551020,Sansari (CT),1230,5780,2999,2781
27,Maharashtra,516,NASHIK,04152,NASHIK,551021,Eklahare (CT),2055,9376,4934,4442
27,Maharashtra,516,NASHIK,04153,IGATPURI,802779,Igatpuri (M Cl),6297,30989,15748,15241
27,Maharashtra,516,NASHIK,04153,IGATPURI,551139,Ghoti Bk. (CT),4933,24838,12785,12053
27,Maharashtra,516,NASHIK,04154,SINNAR,802780,Sinnar (M Cl),14398,65299,34633,30666
27,Maharashtra,516,NASHIK,04155,NIPHAD,551404,Ozar (CT),11615,51297,26671,24626
27,Maharashtra,516,NASHIK,04155,NIPHAD,551405,Lasalgaon (CT),3642,17360,8884,8476
27,Maharashtra,516,NASHIK,04155,NIPHAD,551406,Pimpalgaon Najik (CT),1185,5741,2920,2821
27,Maharashtra,516,NASHIK,04156,YEVLA,802781,Yevla (M Cl),9798,49826,25582,24244
27,Maharashtra,517,THANE,04158,DAHANU,802782,Dahanu (M Cl),11397,50287,25790,24497
27,Maharashtra,517,THANE,04158,DAHANU,551750,Chinchani (CT),3129,13646,6793,6853
27,Maharashtra,517,THANE,04159,VIKRAMGAD,551844,Vikramgad (CT),1263,5991,3080,2911
27,Maharashtra,517,THANE,04160,JAWHAR,802783,Jawhar (M Cl),2724,12040,6127,5913
27,Maharashtra,517,THANE,04162,VADA,552181,Kudus (CT),1627,7204,3899,3305
27,Maharashtra,517,THANE,04162,VADA,552182,Vada (CT),3959,16750,8596,8154
27,Maharashtra,517,THANE,04163,PALGHAR,802784,Palghar (M Cl),16273,68930,36523,32407
27,Maharashtra,517,THANE,04163,PALGHAR,552386,Katkar (CT),2852,11398,6426,4972
27,Maharashtra,517,THANE,04163,PALGHAR,552387,Boisar (CT),8711,36151,20319,15832
27,Maharashtra,517,THANE,04163,PALGHAR,552388,Salwad (CT),2696,10397,6237,4160
27,Maharashtra,517,THANE,04163,PALGHAR,552389,Dandi (CT),2367,8942,5136,3806
27,Maharashtra,517,THANE,04163,PALGHAR,552390,Khaira (CT),7651,31699,18332,13367
27,Maharashtra,517,THANE,04163,PALGHAR,552391,Saravali (CT),2209,8710,5008,3702
27,Maharashtra,517,THANE,04163,PALGHAR,552392,Manor (CT),2206,10421,5322,5099
27,Maharashtra,517,THANE,04163,PALGHAR,552393,Shirgaon (CT),1378,5971,3097,2874
27,Maharashtra,517,THANE,04163,PALGHAR,552394,Umbar Pada Nandade (CT),1789,7605,3868,3737
27,Maharashtra,517,THANE,04163,PALGHAR,552395,Tarapur (CT),1558,6962,3462,3500
27,Maharashtra,517,THANE,04163,PALGHAR,552396,Pasthal (CT),4804,18194,9635,8559
27,Maharashtra,517,THANE,04164,VASAI,802785,Vasai-Virar City (M Corp),291229,1222390,648172,574218
27,Maharashtra,517,THANE,04164,VASAI,552447,Chandrapada (CT),1897,7750,4037,3713
27,Maharashtra,517,THANE,04165,THANE,802786,Mira-Bhayandar (M Corp.),187059,809378,429260,380118
27,Maharashtra,517,THANE,04165,THANE,802787,Thane (M Corp.),435341,1841488,975399,866089
27,Maharashtra,517,THANE,04165,THANE,802788,Navi Mumbai (M Corp.),273626,1120547,610060,510487
27,Maharashtra,517,THANE,04166,BHIWANDI,802789,Bhiwandi Nizampur (M Corp.),140035,709665,415339,294326
27,Maharashtra,517,THANE,04166,BHIWANDI,552675,Padagha (CT),1458,6633,3404,3229
27,Maharashtra,517,THANE,04166,BHIWANDI,552676,Shelar (CT),3538,14899,9183,5716
27,Maharashtra,517,THANE,04166,BHIWANDI,552677,Khoni (CT),4752,26016,16365,9651
27,Maharashtra,517,THANE,04166,BHIWANDI,552678,Mahapoli (CT),1128,5666,2965,2701
27,Maharashtra,517,THANE,04166,BHIWANDI,552679,Borivali Tarf Rahur (CT),1130,5780,2929,2851
27,Maharashtra,517,THANE,04166,BHIWANDI,552680,Kambe (CT),1559,6642,3752,2890
27,Maharashtra,517,THANE,04166,BHIWANDI,552681,Katai (CT),3024,12898,9403,3495
27,Maharashtra,517,THANE,04166,BHIWANDI,552682,Karivali (CT),3190,12907,9017,3890
27,Maharashtra,517,THANE,04166,BHIWANDI,552683,Kharbav (CT),1109,5250,2630,2620
27,Maharashtra,517,THANE,04166,BHIWANDI,552684,Rahanal (CT),2590,10928,6233,4695
27,Maharashtra,517,THANE,04166,BHIWANDI,552685,Purne (CT),1486,6588,3808,2780
27,Maharashtra,517,THANE,04166,BHIWANDI,552686,Kalher (CT),3587,15573,8701,6872
27,Maharashtra,517,THANE,04166,BHIWANDI,552687,Kon (CT),5452,24295,13083,11212
27,Maharashtra,517,THANE,04167,SHAHAPUR,552913,Kasara Bk. (CT),3196,15611,7896,7715
27,Maharashtra,517,THANE,04167,SHAHAPUR,552914,Shahapur (CT),2713,11623,5930,5693
27,Maharashtra,517,THANE,04167,SHAHAPUR,552915,Vashind (CT),4696,20561,10774,9787
27,Maharashtra,517,THANE,04167,SHAHAPUR,552916,Khardi (CT),1148,5579,2895,2684
27,Maharashtra,517,THANE,04167,SHAHAPUR,552917,Gotheghar (CT),1008,4232,2207,2025
27,Maharashtra,517,THANE,04167,SHAHAPUR,552918,Asangaon (CT),3062,13104,7043,6061
27,Maharashtra,517,THANE,04168,KALYAN,802790,Kalyan-Dombivli (M Corp.),302735,1247327,649626,597701
27,Maharashtra,517,THANE,04168,KALYAN,553005,Kambe (CT),1209,5436,2804,2632
27,Maharashtra,517,THANE,04168,KALYAN,553006,Mharal Bk (CT),6535,29462,15788,13674
27,Maharashtra,517,THANE,04169,ULHASNAGAR,802791,Ulhasnagar (M Corp.),111799,506098,269048,237050
27,Maharashtra,517,THANE,04170,AMBARNATH,802792,Badlapur (M Cl),41902,174226,90365,83861
27,Maharashtra,517,THANE,04170,AMBARNATH,802793,Ambarnath(M Cl),58407,253475,132582,120893
27,Maharashtra,517,THANE,04170,AMBARNATH,553083,Vangani (CT),2915,12628,6607,6021
27,Maharashtra,517,THANE,04171,MURBAD,553290,Murbad (CT),4458,18725,9987,8738
27,Maharashtra,518,Mumbai Suburban,99999,Area not under any Sub-district,802794,Greater Mumbai (M Corp.) Part,2105604,9356962,5031323,4325639
27,Maharashtra,519,Mumbai,99999,Area not under any Sub-district,802794,Greater Mumbai (M Corp.) Part,674339,3085411,1684608,1400803
27,Maharashtra,520,RAIGARH,04172,URAN,802795,Uran (M Cl),7229,30439,15549,14890
27,Maharashtra,520,RAIGARH,04172,URAN,553350,Kegaon (CT),1840,7485,4084,3401
27,Maharashtra,520,RAIGARH,04172,URAN,553351,Navghar (CT),1625,6603,3468,3135
27,Maharashtra,520,RAIGARH,04172,URAN,553352,Chanje (CT),3864,16714,8723,7991
27,Maharashtra,520,RAIGARH,04172,URAN,553353,Jasai (CT),2133,8234,4520,3714
27,Maharashtra,520,RAIGARH,04173,PANVEL,802796,Panvel (M Cl),43107,180020,92484,87536
27,Maharashtra,520,RAIGARH,04173,PANVEL,553512,Talode Panchnad (CT),2749,14318,7668,6650
27,Maharashtra,520,RAIGARH,04173,PANVEL,553513,Kharghar (CT),20737,80612,42001,38611
27,Maharashtra,520,RAIGARH,04173,PANVEL,553514,Navi Mumbai Panvel Raigarh (CT),46920,195373,107342,88031
27,Maharashtra,520,RAIGARH,04173,PANVEL,553515,Palidevad (CT),2193,9194,4913,4281
27,Maharashtra,520,RAIGARH,04173,PANVEL,553516,Vadghar (CT),1700,7341,3873,3468
27,Maharashtra,520,RAIGARH,04173,PANVEL,553517,Owle (CT),947,4275,2202,2073
27,Maharashtra,520,RAIGARH,04173,PANVEL,553518,Kalundre (CT),1672,6626,3515,3111
27,Maharashtra,520,RAIGARH,04174,KARJAT,802797,Matheran (M Cl),977,4393,2248,2145
27,Maharashtra,520,RAIGARH,04174,KARJAT,802798,Karjat (M Cl),6820,29663,15248,14415
27,Maharashtra,520,RAIGARH,04174,KARJAT,553695,Neral (CT),4075,18429,9242,9187
27,Maharashtra,520,RAIGARH,04175,KHALAPUR,802799,Khopoli (M Cl),16266,71141,37305,33836
27,Maharashtra,520,RAIGARH,04175,KHALAPUR,553817,Ambivali T. Tungartan (CT),1611,6497,3526,2971
27,Maharashtra,520,RAIGARH,04175,KHALAPUR,553818,Mohpada Alias Wasambe (CT),2360,9694,5118,4576
27,Maharashtra,520,RAIGARH,04175,KHALAPUR,553819,Rees (CT),1983,8632,4555,4077
27,Maharashtra,520,RAIGARH,04176,PEN,802800,Pen (M Cl),9070,37852,19257,18595
27,Maharashtra,520,RAIGARH,04176,PEN,553989,Dadar (CT),1202,5389,2820,2569
27,Maharashtra,520,RAIGARH,04176,PEN,553990,Zotirpada (CT),837,3389,1793,1596
27,Maharashtra,520,RAIGARH,04177,ALIBAG,802801,Alibag (M Cl),4985,20743,10646,10097
27,Maharashtra,520,RAIGARH,04177,ALIBAG,554203,Ambepur (CT),1218,5035,2593,2442
27,Maharashtra,520,RAIGARH,04177,ALIBAG,554204,Chendhare (CT),2834,11039,5590,5449
27,Maharashtra,520,RAIGARH,04177,ALIBAG,554205,Kurul (CT),1233,4869,2535,2334
27,Maharashtra,520,RAIGARH,04178,MURUD,802802,Murud Janjira (M Cl),2771,12216,5992,6224
27,Maharashtra,520,RAIGARH,04179,ROHA,802803,Roha Ashtami (M Cl),4745,20849,10590,10259
27,Maharashtra,520,RAIGARH,04179,ROHA,554446,Nagothane (CT),2873,12549,6520,6029
27,Maharashtra,520,RAIGARH,04179,ROHA,554447,Bhuwaneshwar (CT),2178,8871,4661,4210
27,Maharashtra,520,RAIGARH,04179,ROHA,554448,Dhatau (CT),1232,5066,2874,2192
27,Maharashtra,520,RAIGARH,04180,SUDHAGAD,554547,Pali (CT),2167,9176,4703,4473
27,Maharashtra,520,RAIGARH,04181,MANGAON,554733,Utekhol (CT),2593,11380,5943,5437
27,Maharashtra,520,RAIGARH,04181,MANGAON,554734,Goregaon (CT),1548,7155,3488,3667
27,Maharashtra,520,RAIGARH,04183,SHRIVARDHAN,802804,Shrivardhan (M Cl),3406,15123,7450,7673
27,Maharashtra,520,RAIGARH,04183,SHRIVARDHAN,554876,Borli Panchtan (CT),1567,6952,3293,3659
27,Maharashtra,520,RAIGARH,04184,MHASLA,554960,Mhasla (CT),2062,9679,4756,4923
27,Maharashtra,520,RAIGARH,04185,MAHAD,802805,Mahad (M Cl),6430,27536,14025,13511
27,Maharashtra,520,RAIGARH,04185,MAHAD,555142,Nadgaon Tarf Birwadi (CT),1258,4871,2527,2344
27,Maharashtra,520,RAIGARH,04185,MAHAD,555143,Birwadi (CT),2149,8829,4692,4137
27,Maharashtra,520,RAIGARH,04186,POLADPUR,555230,Poladpur (CT),1420,5944,3017,2927
27,Maharashtra,521,PUNE,04187,JUNNAR,802806,Junnar (M Cl),5637,25315,13066,12249
27,Maharashtra,521,PUNE,04188,AMBEGAON,555557,Manchar (CT),4227,18876,9643,9233
27,Maharashtra,521,PUNE,04189,SHIRUR,802807,Shirur (M Cl),8030,37111,19003,18108
27,Maharashtra,521,PUNE,04189,SHIRUR,555673,Koregaon Bhima (CT),3192,13116,7220,5896
27,Maharashtra,521,PUNE,04189,SHIRUR,555674,Sanaswadi (CT),3386,13543,7403,6140
27,Maharashtra,521,PUNE,04190,KHED,802808,Alandi (M Cl),7193,28645,16142,12503
27,Maharashtra,521,PUNE,04190,KHED,555861,Rajgurunagar (Khed) (CT),5910,25146,12899,12247
27,Maharashtra,521,PUNE,04190,KHED,555862,Chakan (CT),10232,41113,22194,18919
27,Maharashtra,521,PUNE,04190,KHED,555863,Kharabwadi (CT),2377,9200,5033,4167
27,Maharashtra,521,PUNE,04190,KHED,555864,Nanekarwadi (CT),3598,12654,7442,5212
27,Maharashtra,521,PUNE,04190,KHED,555865,Medankarwadi (CT),3349,12576,7113,5463
27,Maharashtra,521,PUNE,04191,MAWAL,802809,Talegaon Dabhade (M Cl),13856,56435,29033,27402
27,Maharashtra,521,PUNE,04191,MAWAL,802810,Lonavala (M Cl),12195,57698,30854,26844
27,Maharashtra,521,PUNE,04191,MAWAL,556053,Wadagaon (CT),3416,14595,7583,7012
27,Maharashtra,521,PUNE,04191,MAWAL,556054,Khadkale (CT),2998,13435,6971,6464
27,Maharashtra,521,PUNE,04191,MAWAL,556055,Kusgaon Bk. (CT),2736,15612,8909,6703
27,Maharashtra,521,PUNE,04192,MULSHI,556201,Hinjavadi (CT),2856,11459,6294,5165
27,Maharashtra,521,PUNE,04192,MULSHI,556202,Pirangut (CT),3606,14174,7727,6447
27,Maharashtra,521,PUNE,04193,HAVELI,802811,Pimpri Chinchwad (M Corp.),427356,1727692,942533,785159
27,Maharashtra,521,PUNE,04193,HAVELI,802812,Dehu Road (CB),10634,48961,25971,22990
27,Maharashtra,521,PUNE,04193,HAVELI,556326,Dehu (CT),1381,6133,3178,2955
27,Maharashtra,521,PUNE,04193,HAVELI,556327,Wagholi (CT),7743,33479,17767,15712
27,Maharashtra,521,PUNE,04193,HAVELI,556328,Yewalewadi (CT),1733,7685,4137,3548
27,Maharashtra,521,PUNE,04194,PUNE CITY,802813,Pune (CB),15102,71781,37046,34735
27,Maharashtra,521,PUNE,04194,PUNE CITY,802814,Pune (M Corp.),742602,3124458,1603675,1520783
27,Maharashtra,521,PUNE,04194,PUNE CITY,802815,Kirkee (CB),16266,78684,43837,34847
27,Maharashtra,521,PUNE,04195,DAUND,802816,Daund (M Cl),10288,49450,25117,24333
27,Maharashtra,521,PUNE,04195,DAUND,556432,Daund (CT),1518,6863,3449,3414
27,Maharashtra,521,PUNE,04196,PURANDHAR,802817,Sasvad (M Cl),7054,31821,16219,15602
27,Maharashtra,521,PUNE,04196,PURANDHAR,802818,Jejuri (M Cl),3286,14515,7347,7168
27,Maharashtra,521,PUNE,04196,PURANDHAR,556541,Shivatkar (Nira) (CT),2495,11228,5702,5526
27,Maharashtra,521,PUNE,04198,BHOR,802819,Bhor (M Cl),4059,18453,9256,9197
27,Maharashtra,521,PUNE,04199,BARAMATI,802820,Baramati (M Cl),11539,54415,27643,26772
27,Maharashtra,521,PUNE,04199,BARAMATI,556983,Jalochi (CT),4453,19346,10007,9339
27,Maharashtra,521,PUNE,04200,INDAPUR,802821,Indapur (M Cl),5228,25515,13252,12263
27,Maharashtra,522,AHMADNAGAR,04201,AKOLA,557317,Rajur (CT),1906,10046,5238,4808
27,Maharashtra,522,AHMADNAGAR,04202,SANGAMNER,802822,Sangamner (M Cl),13218,65804,33463,32341
27,Maharashtra,522,AHMADNAGAR,04202,SANGAMNER,557488,Ghulewadi (CT),4455,21860,11487,10373
27,Maharashtra,522,AHMADNAGAR,04203,KOPARGAON,802823,Kopargaon (M Cl),13211,65273,33222,32051
27,Maharashtra,522,AHMADNAGAR,04204,RAHTA,802824,Shirdi (NP),7775,36004,18751,17253
27,Maharashtra,522,AHMADNAGAR,04204,RAHTA,802825,Rahta Pimplas (M Cl),4375,22335,11438,10897
27,Maharashtra,522,AHMADNAGAR,04205,SHRIRAMPUR,802826,Shrirampur (M Cl),18104,89282,44842,44440
27,Maharashtra,522,AHMADNAGAR,04208,PATHARDI,802827,Pathardi (M Cl),5516,27211,14224,12987
27,Maharashtra,522,AHMADNAGAR,04209,NAGAR,802828,Ahmadnagar (M Corp.),75960,350859,178899,171960
27,Maharashtra,522,AHMADNAGAR,04209,NAGAR,802829,Ahmadnagar (CB),5608,28986,16568,12418
27,Maharashtra,522,AHMADNAGAR,04209,NAGAR,558166,Nagapur (CT),2815,11790,6359,5431
27,Maharashtra,522,AHMADNAGAR,04209,NAGAR,558167,Burhanagar (CT),1498,6885,3628,3257
27,Maharashtra,522,AHMADNAGAR,04209,NAGAR,558168,Nagardeole (CT),3831,18802,9768,9034
27,Maharashtra,522,AHMADNAGAR,04209,NAGAR,558169,Darewadi (CT),2178,10860,6414,4446
27,Maharashtra,522,AHMADNAGAR,04210,RAHURI,802830,Rahuri (M Cl),7841,38813,20140,18673
27,Maharashtra,522,AHMADNAGAR,04210,RAHURI,802831,Deolali Pravara (M Cl),6570,30997,15984,15013
27,Maharashtra,522,AHMADNAGAR,04212,SHRIGONDA,802832,Shrigonda (M Cl),6343,31134,16048,15086
27,Maharashtra,522,AHMADNAGAR,04213,KARJAT,558631,Karjat (CT),2562,11659,6048,5611
27,Maharashtra,522,AHMADNAGAR,04214,JAMKHED,558718,Jamkhed (CT),7175,34017,17397,16620
27,Maharashtra,523,BID,04215,ASHTI,558895,Ashti (CT),2538,11972,6102,5870
27,Maharashtra,523,BID,04218,GEORAI,802833,Georai (M Cl),6396,33562,17263,16299
27,Maharashtra,523,BID,04219,MANJLEGAON,802834,Manjlegaon (M Cl),9468,49453,25539,23914
27,Maharashtra,523,BID,04221,BID,802835,Bid (M Cl),28940,146709,75566,71143
27,Maharashtra,523,BID,04221,BID,559688,Bid (Rural) (CT),11120,56531,29876,26655
27,Maharashtra,523,BID,04222,KAIJ,802836,Kaij (NP),6148,30704,16208,14496
27,Maharashtra,523,BID,04223,DHARUR,802837,Dharur (M Cl),3959,20417,10573,9844
27,Maharashtra,523,BID,04224,PARLI,802838,Parli (M Cl),17382,90975,46975,44000
27,Maharashtra,523,BID,04225,AMBEJOGAI,802839,Ambejogai (M Cl),14296,73975,38026,35949
27,Maharashtra,524,LATUR,04226,LATUR,802840,Latur (M Cl),74557,382940,197737,185203
27,Maharashtra,524,LATUR,04226,LATUR,560210,Arvi (CT),2779,14015,7343,6672
27,Maharashtra,524,LATUR,04228,AHMADPUR,802841,Ahmadpur (M Cl),7942,43936,22796,21140
27,Maharashtra,524,LATUR,04232,AUSA,802842,Ausa (M Cl),6647,36118,18527,17591
27,Maharashtra,524,LATUR,04233,NILANGA,802843,Nilanga (M Cl),6617,36172,18673,17499
27,Maharashtra,524,LATUR,04235,UDGIR,802844,Udgir (M Cl),18054,103550,54013,49537
27,Maharashtra,524,LATUR,04235,UDGIR,561037,Nideban (CT),1567,8249,4344,3905
27,Maharashtra,525,OSMANABAD,04236,PARANDA,802845,Paranda (M Cl),3577,18758,9665,9093
27,Maharashtra,525,OSMANABAD,04237,BHUM,802846,Bhum (M Cl) ,3931,18561,9672,8889
27,Maharashtra,525,OSMANABAD,04239,KALAMB,802847,Kalamb (M Cl),5135,25713,13524,12189
27,Maharashtra,525,OSMANABAD,04240,OSMANABAD,802848,Osmanabad (M Cl),21866,111825,57824,54001
27,Maharashtra,525,OSMANABAD,04241,TULJAPUR,802849,Tuljapur (M Cl),6563,34011,17580,16431
27,Maharashtra,525,OSMANABAD,04241,TULJAPUR,802850,Naldurg (M Cl),3457,18341,9516,8825
27,Maharashtra,525,OSMANABAD,04243,UMARGA,802851,Murum (M Cl),3459,18371,9376,8995
27,Maharashtra,525,OSMANABAD,04243,UMARGA,802852,Umarga (M Cl),6799,35477,18141,17336
27,Maharashtra,526,SOLAPUR,04244,KARMALA,802853,Karmala (M Cl),4702,23199,11905,11294
27,Maharashtra,526,SOLAPUR,04245,MADHA,802854,Kurduvadi (M Cl),4642,22463,11483,10980
27,Maharashtra,526,SOLAPUR,04246,BARSHI,802855,Barshi (M Cl),24713,118722,60801,57921
27,Maharashtra,526,SOLAPUR,04247,SOLAPUR NORTH,802856,Solapur (M Corp.) ,188503,951558,481064,470494
27,Maharashtra,526,SOLAPUR,04249,PANDHARPUR,802857,Pandharpur (M Cl),20054,98923,50645,48278
27,Maharashtra,526,SOLAPUR,04250,MALSHIRAS,562511,Natepute (CT),3538,17930,9059,8871
27,Maharashtra,526,SOLAPUR,04250,MALSHIRAS,562512,Akluj (CT),8371,39972,20318,19654
27,Maharashtra,526,SOLAPUR,04250,MALSHIRAS,562513,Sangramnagar (CT),1343,6499,3358,3141
27,Maharashtra,526,SOLAPUR,04251,SANGOLE,802858,Sangole (M Cl),6883,34321,17720,16601
27,Maharashtra,526,SOLAPUR,04252,MANGALVEDHE,802859,Mangalvedhe (M Cl),4420,21824,11109,10715
27,Maharashtra,526,SOLAPUR,04254,AKKALKOT,802860,Akkalkot (M Cl),7869,40103,20051,20052
27,Maharashtra,526,SOLAPUR,04254,AKKALKOT,802861,Maindargi (M Cl),2468,12363,6217,6146
27,Maharashtra,526,SOLAPUR,04254,AKKALKOT,802862,Dudhani (M Cl),2101,11214,5779,5435
27,Maharashtra,527,SATARA,04255,MAHABALESHWAR,802863,Mahabaleshwar (M Cl),2438,13393,6974,6419
27,Maharashtra,527,SATARA,04255,MAHABALESHWAR,802864,Panchgani (M Cl),2567,14894,8335,6559
27,Maharashtra,527,SATARA,04256,WAI,802865,Wai (M Cl),8117,36025,18134,17891
27,Maharashtra,527,SATARA,04256,WAI,563165,Songirwadi (Rural) (CT),183,791,418,373
27,Maharashtra,527,SATARA,04257,KHANDALA,563232,Lonand (CT),4039,18723,9560,9163
27,Maharashtra,527,SATARA,04258,PHALTAN,802866,Phaltan (M Cl),11177,52118,26242,25876
27,Maharashtra,527,SATARA,04258,PHALTAN,563358,Kolki (CT),1757,8054,4153,3901
27,Maharashtra,527,SATARA,04259,MAN,802867,Mhaswad (M Cl),4812,24120,12185,11935
27,Maharashtra,527,SATARA,04261,KOREGAON,802868,Rahimatpur (M Cl),3607,17633,8914,8719
27,Maharashtra,527,SATARA,04261,KOREGAON,563744,Koregaon (CT),5479,24690,12538,12152
27,Maharashtra,527,SATARA,04262,SATARA,802869,Satara (M Cl),27297,120195,61129,59066
27,Maharashtra,527,SATARA,04262,SATARA,563956,Khed (CT),3162,14266,7395,6871
27,Maharashtra,527,SATARA,04262,SATARA,563957,Karanje Tarf Satara (CT),6715,29140,14972,14168
27,Maharashtra,527,SATARA,04262,SATARA,563958,Godoli (CT),5399,22517,11585,10932
27,Maharashtra,527,SATARA,04262,SATARA,563959,Kodoli (CT),6207,26106,13493,12613
27,Maharashtra,527,SATARA,04263,JAOLI,564121,Medha (CT),1037,4678,2323,2355
27,Maharashtra,527,SATARA,04264,PATAN,564465,Patan (CT),3052,13779,6962,6817
27,Maharashtra,527,SATARA,04265,KARAD,802870,Karad (M Cl),11395,53879,27134,26745
27,Maharashtra,527,SATARA,04265,KARAD,802871,Malkapur (NP),7125,31671,16352,15319
27,Maharashtra,527,SATARA,04265,KARAD,564683,Hajarmachi (CT),2027,9317,4772,4545
27,Maharashtra,527,SATARA,04265,KARAD,564684,Saidapur (CT),3135,13913,6986,6927
27,Maharashtra,527,SATARA,04265,KARAD,564685,Karad (Rural) (CT),4421,20476,10537,9939
27,Maharashtra,528,RATNAGIRI,04267,DAPOLI,802872,Dapoli Camp (NP) ,3650,15713,7772,7941
27,Maharashtra,528,RATNAGIRI,04267,DAPOLI,564968,Gimhavane (CT),1257,5025,2501,2524
27,Maharashtra,528,RATNAGIRI,04267,DAPOLI,564969,Jalgaon (CT),1586,6480,3373,3107
27,Maharashtra,528,RATNAGIRI,04267,DAPOLI,564970,Dabhol (CT),1527,7038,3515,3523
27,Maharashtra,528,RATNAGIRI,04268,KHED,802873,Khed (M Cl),3923,16892,8151,8741
27,Maharashtra,528,RATNAGIRI,04269,CHIPLUN,802874,Chiplun (M Cl),12925,55139,27355,27784
27,Maharashtra,528,RATNAGIRI,04269,CHIPLUN,565351,Kherdi (CT),2970,12397,6436,5961
27,Maharashtra,528,RATNAGIRI,04270,GUHAGAR,565473,Mouje Anjanvel (CT),361,1621,823,798
27,Maharashtra,528,RATNAGIRI,04271,RATNAGIRI,802875,Ratnagiri (M Cl),17585,76229,37670,38559
27,Maharashtra,528,RATNAGIRI,04271,RATNAGIRI,565670,Zadgaon (CT),1846,7803,3856,3947
27,Maharashtra,528,RATNAGIRI,04271,RATNAGIRI,565671,Nachane (CT),2958,11688,5971,5717
27,Maharashtra,528,RATNAGIRI,04271,RATNAGIRI,565672,Karle (CT),883,4382,1904,2478
27,Maharashtra,528,RATNAGIRI,04271,RATNAGIRI,565673,Kuwarbav (CT),1631,6497,3327,3170
27,Maharashtra,528,RATNAGIRI,04272,SANGAMESHWAR,565872,Devrukh (CT),3068,12689,6242,6447
27,Maharashtra,528,RATNAGIRI,04273,LANJA,565995,Lanja (CT),3375,14377,7173,7204
27,Maharashtra,528,RATNAGIRI,04274,RAJAPUR,802876,Rajapur (M Cl),2252,9753,4839,4914
27,Maharashtra,529,SINDHUDURG,04277,KANKAVLI,802877,Kankavli (NP),4137,16398,8388,8010
27,Maharashtra,529,SINDHUDURG,04277,KANKAVLI,566496,Kalmath (CT),1929,8011,4018,3993
27,Maharashtra,529,SINDHUDURG,04278,MALWAN,802878,Malwan (M Cl),4620,18648,9663,8985
27,Maharashtra,529,SINDHUDURG,04279,VENGURLA,802879,Vengurla (M Cl),3147,12392,6196,6196
27,Maharashtra,529,SINDHUDURG,04280,KUDAL,566839,Kudal (CT),4001,16015,8071,7944
27,Maharashtra,529,SINDHUDURG,04281,SAWANTWADI,802880,Sawantwadi (M Cl),5941,23851,11903,11948
27,Maharashtra,529,SINDHUDURG,04281,SAWANTWADI,566922,Majgaon (CT),1218,5080,2483,2597
27,Maharashtra,529,SINDHUDURG,04281,SAWANTWADI,566923,Banda (CT),1645,6611,3342,3269
27,Maharashtra,530,KOLHAPUR,04283,SHAHUWADI,802881,Malkapur (M Cl),1138,5339,2699,2640
27,Maharashtra,530,KOLHAPUR,04284,PANHALA,802882,Panhala (M Cl),695,3121,1590,1531
27,Maharashtra,530,KOLHAPUR,04284,PANHALA,567260,Wadi Ratnagiri (CT),934,4693,2387,2306
27,Maharashtra,530,KOLHAPUR,04285,HATKANANGLE,802883,Vadgaon Kasba (M Cl),5328,25651,13257,12394
27,Maharashtra,530,KOLHAPUR,04285,HATKANANGLE,802884,Ichalkaranji (M Cl),61421,287353,149164,138189
27,Maharashtra,530,KOLHAPUR,04285,HATKANANGLE,567319,Korochi (CT),4359,20420,10699,9721
27,Maharashtra,530,KOLHAPUR,04285,HATKANANGLE,567320,Kabnur (CT),8519,38146,19946,18200
27,Maharashtra,530,KOLHAPUR,04285,HATKANANGLE,567321,Hupari (CT),6059,28953,14653,14300
27,Maharashtra,530,KOLHAPUR,04286,SHIROL,802885,Jaysingpur (M Cl),10700,48510,24273,24237
27,Maharashtra,530,KOLHAPUR,04286,SHIROL,802886,Kurundvad (M Cl),4572,22372,11325,11047
27,Maharashtra,530,KOLHAPUR,04287,KARVIR,802887,Kolhapur (M Corp.),124194,549236,280366,268870
27,Maharashtra,530,KOLHAPUR,04287,KARVIR,567497,Ujalaiwadi (CT),2149,9075,4714,4361
27,Maharashtra,530,KOLHAPUR,04287,KARVIR,567498,Gandhinagar (CT),2565,12601,6572,6029
27,Maharashtra,530,KOLHAPUR,04287,KARVIR,567499,Uchgaon (CT),7121,31238,16260,14978
27,Maharashtra,530,KOLHAPUR,04287,KARVIR,567500,Pachgaon (CT),5052,22353,11740,10613
27,Maharashtra,530,KOLHAPUR,04287,KARVIR,567501,Morewadi (CT),1674,7222,3692,3530
27,Maharashtra,530,KOLHAPUR,04287,KARVIR,567502,Gokul Shirgaon (CT),2051,8623,4576,4047
27,Maharashtra,530,KOLHAPUR,04287,KARVIR,567503,Tamgaon (CT),1242,5223,2736,2487
27,Maharashtra,530,KOLHAPUR,04287,KARVIR,567504,Kalambe T. Thane (CT),2253,10138,5351,4787
27,Maharashtra,530,KOLHAPUR,04290,KAGAL,802888,Kagal (M Cl),7390,34106,17634,16472
27,Maharashtra,530,KOLHAPUR,04290,KAGAL,802889,Murgud (M Cl),2419,11194,5753,5441
27,Maharashtra,530,KOLHAPUR,04292,AJRA,567964,Ajra (CT),3651,17257,8838,8419
27,Maharashtra,530,KOLHAPUR,04293,GADHINGLAJ,802890,Gadhinglaj (M Cl),6235,27185,13618,13567
27,Maharashtra,531,SANGLI,04296,WALWA,802891,Uran Islampur (M Cl),14376,67391,34435,32956
27,Maharashtra,531,SANGLI,04296,WALWA,802892,Ashta (M Cl),7709,37105,19171,17934
27,Maharashtra,531,SANGLI,04299,KHANAPUR,802893,Vita (M Cl),10328,48289,24692,23597
27,Maharashtra,531,SANGLI,04301,TASGAON,802894,Tasgaon (M Cl),7868,37945,19460,18485
27,Maharashtra,531,SANGLI,04302,MIRAJ,802895,Sangli Miraj Kupwad (M Corp.),110062,502793,253640,249153
27,Maharashtra,531,SANGLI,04302,MIRAJ,568758,Budhgaon (CT),3237,14666,7526,7140
27,Maharashtra,531,SANGLI,04302,MIRAJ,568759,Madhavnagar (CT),2370,11168,5680,5488
