metric,state,reported_total
Jobseeker Registered,Andaman and Nicobar Islands,60645
Jobseeker Registered,Andhra Pradesh,2319912
Jobseeker Registered,Arunachal Pradesh,130428
Jobseeker Registered,Assam,4233392
Jobseeker Registered,Bihar,5729842
Jobseeker Registered,Chandigarh,74075
Jobseeker Registered,Chhattisgarh,1390230
Jobseeker Registered,Delhi,893459
Jobseeker Registered,Goa,181930
Jobseeker Registered,Gujarat,2374292
Jobseeker Registered,Haryana,1117741
Jobseeker Registered,Himachal Pradesh,776307
Jobseeker Registered,Jammu and Kashmir,879503
Jobseeker Registered,Jharkhand,2255697
Jobseeker Registered,Karnataka,3370995
Jobseeker Registered,Kerala,781621
Jobseeker Registered,Ladakh,16506
Jobseeker Registered,Lakshadweep,10643
Jobseeker Registered,Madhya Pradesh,5384154
Jobseeker Registered,Maharashtra,10285314
Jobseeker Registered,Manipur,318019
Jobseeker Registered,Meghalaya,115919
Jobseeker Registered,Mizoram,37917
Jobseeker Registered,Nagaland,81637
Jobseeker Registered,State Not Specified,946136
Jobseeker Registered,Odisha,1248966
Jobseeker Registered,Puducherry,226040
Jobseeker Registered,Punjab,1912197
Jobseeker Registered,Rajasthan,5000344
Jobseeker Registered,Sikkim,48627
Jobseeker Registered,Tamil Nadu,2371343
Jobseeker Registered,Telangana,1269698
Jobseeker Registered,The Dadra and Nagar Haveli And Daman And Diu,6471
Jobseeker Registered,Tripura,574322
Jobseeker Registered,Uttar Pradesh,5381726
Jobseeker Registered,Uttarakhand,602613
Jobseeker Registered,West Bengal,4054733
Active Jobseekers,Andaman and Nicobar Islands,5647
Active Jobseekers,Andhra Pradesh,1308983
Active Jobseekers,Arunachal Pradesh,62709
Active Jobseekers,Assam,1548180
Active Jobseekers,Bihar,2979104
Active Jobseekers,Chandigarh,22615
Active Jobseekers,Chhattisgarh,896702
Active Jobseekers,Delhi,347739
Active Jobseekers,Goa,39407
Active Jobseekers,Gujarat,930129
Active Jobseekers,Haryana,531241
Active Jobseekers,Himachal Pradesh,160555
Active Jobseekers,Jammu and Kashmir,250285
Active Jobseekers,Jharkhand,841575
Active Jobseekers,Karnataka,2351295
Active Jobseekers,Kerala,320965
Active Jobseekers,Ladakh,5035
Active Jobseekers,Lakshadweep,3242
Active Jobseekers,Madhya Pradesh,3533655
Active Jobseekers,Maharashtra,3952155
Active Jobseekers,Manipur,98834
Active Jobseekers,Meghalaya,56659
Active Jobseekers,Mizoram,9659
Active Jobseekers,Nagaland,36376
Active Jobseekers,State Not Specified,157102
Active Jobseekers,Odisha,645877
Active Jobseekers,Puducherry,52636
Active Jobseekers,Punjab,782222
Active Jobseekers,Rajasthan,2599015
Active Jobseekers,Sikkim,26515
Active Jobseekers,Tamil Nadu,1106260
Active Jobseekers,Telangana,445403
Active Jobseekers,The Dadra and Nagar Haveli And Daman And Diu,1211
Active Jobseekers,Tripura,195528
Active Jobseekers,Uttar Pradesh,1930733
Active Jobseekers,Uttarakhand,163839
Active Jobseekers,West Bengal,581305
Vacancies,Andaman and Nicobar Islands,24594
Vacancies,Andhra Pradesh,589277
Vacancies,Arunachal Pradesh,67919
Vacancies,Assam,557482
Vacancies,Bihar,1405720
Vacancies,Chandigarh,238406
Vacancies,Chhattisgarh,425646
Vacancies,Delhi,823733
Vacancies,Goa,59680
Vacancies,Gujarat,1399069
Vacancies,Haryana,795069
Vacancies,Himachal Pradesh,169892
Vacancies,Jammu and Kashmir,296877
Vacancies,Jharkhand,818435
Vacancies,Karnataka,2271042
Vacancies,Kerala,367130
Vacancies,Ladakh,1741
Vacancies,Lakshadweep,3265
Vacancies,Madhya Pradesh,631415
Vacancies,Maharashtra,2749884
Vacancies,Manipur,46164
Vacancies,Meghalaya,44152
Vacancies,Mizoram,21052
Vacancies,Multiple States,31262888
Vacancies,Nagaland,76511
Vacancies,Odisha,972243
Vacancies,PAN India,40331312
Vacancies,Puducherry,29503
Vacancies,Punjab,586880
Vacancies,Rajasthan,874064
Vacancies,Sikkim,57081
Vacancies,Tamil Nadu,2487730
Vacancies,Telangana,1187562
Vacancies,The Dadra and Nagar Haveli And Daman And Diu,6770
Vacancies,Tripura,85234
Vacancies,Uttar Pradesh,2356675
Vacancies,Uttarakhand,337769
Vacancies,West Bengal,6114617
Active Employer,Andaman and Nicobar Islands,2618
Active Employer,Andhra Pradesh,189391
Active Employer,Arunachal Pradesh,5419
Active Employer,Assam,162455
Active Employer,Bihar,276682
Active Employer,Chandigarh,7902
Active Employer,Chhattisgarh,120111
Active Employer,Delhi,167949
Active Employer,Goa,14060
Active Employer,Gujarat,307447
Active Employer,Haryana,181779
Active Employer,Himachal Pradesh,38255
Active Employer,Jammu and Kashmir,76785
Active Employer,Jharkhand,110733
Active Employer,Karnataka,300279
Active Employer,Kerala,105331
Active Employer,Ladakh,1602
Active Employer,Lakshadweep,115
Active Employer,Madhya Pradesh,333047
Active Employer,Maharashtra,1064678
Active Employer,Manipur,26071
Active Employer,Meghalaya,9494
Active Employer,Mizoram,5320
Active Employer,Nagaland,7597
Active Employer,State Not Specified,1496
Active Employer,Odisha,186301
Active Employer,Puducherry,7234
Active Employer,Punjab,173630
Active Employer,Rajasthan,360306
Active Employer,Sikkim,3495
Active Employer,Tamil Nadu,379769
Active Employer,Telangana,250145
Active Employer,The Dadra and Nagar Haveli And Daman And Diu,668
Active Employer,Tripura,13863
Active Employer,Uttar Pradesh,607085
Active Employer,Uttarakhand,61519
Active Employer,West Bengal,333837
