metric,state,financial_year,value,publisher_updated_at,source_url,access_method,quality_flag
Jobseeker Registered,Maharashtra,2015-16,733569,"15th July, 2026",https://ncs.gov.in/NCSReportDashboard,offline extraction of previously downloaded public dashboard bundle,publisher_snapshot;2026_2027_partial;metric_definitions_require_confirmation
Jobseeker Registered,Maharashtra,2016-17,24382,"15th July, 2026",https://ncs.gov.in/NCSReportDashboard,offline extraction of previously downloaded public dashboard bundle,publisher_snapshot;2026_2027_partial;metric_definitions_require_confirmation
Jobseeker Registered,Maharashtra,2017-18,101500,"15th July, 2026",https://ncs.gov.in/NCSReportDashboard,offline extraction of previously downloaded public dashboard bundle,publisher_snapshot;2026_2027_partial;metric_definitions_require_confirmation
Jobseeker Registered,Maharashtra,2018-19,3144906,"15th July, 2026",https://ncs.gov.in/NCSReportDashboard,offline extraction of previously downloaded public dashboard bundle,publisher_snapshot;2026_2027_partial;metric_definitions_require_confirmation
Jobseeker Registered,Maharashtra,2019-20,622370,"15th July, 2026",https://ncs.gov.in/NCSReportDashboard,offline extraction of previously downloaded public dashboard bundle,publisher_snapshot;2026_2027_partial;metric_definitions_require_confirmation
Jobseeker Registered,Maharashtra,2020-21,195550,"15th July, 2026",https://ncs.gov.in/NCSReportDashboard,offline extraction of previously downloaded public dashboard bundle,publisher_snapshot;2026_2027_partial;metric_definitions_require_confirmation
Jobseeker Registered,Maharashtra,2021-22,469132,"15th July, 2026",https://ncs.gov.in/NCSReportDashboard,offline extraction of previously downloaded public dashboard bundle,publisher_snapshot;2026_2027_partial;metric_definitions_require_confirmation
Jobseeker Registered,Maharashtra,2022-23,272547,"15th July, 2026",https://ncs.gov.in/NCSReportDashboard,offline extraction of previously downloaded public dashboard bundle,publisher_snapshot;2026_2027_partial;metric_definitions_require_confirmation
Jobseeker Registered,Maharashtra,2023-24,1027640,"15th July, 2026",https://ncs.gov.in/NCSReportDashboard,offline extraction of previously downloaded public dashboard bundle,publisher_snapshot;2026_2027_partial;metric_definitions_require_confirmation
Jobseeker Registered,Maharashtra,2024-25,2718461,"15th July, 2026",https://ncs.gov.in/NCSReportDashboard,offline extraction of previously downloaded public dashboard bundle,publisher_snapshot;2026_2027_partial;metric_definitions_require_confirmation
Jobseeker Registered,Maharashtra,2025-26,722068,"15th July, 2026",https://ncs.gov.in/NCSReportDashboard,offline extraction of previously downloaded public dashboard bundle,publisher_snapshot;2026_2027_partial;metric_definitions_require_confirmation
Jobseeker Registered,Maharashtra,2026-2027,253189,"15th July, 2026",https://ncs.gov.in/NCSReportDashboard,offline extraction of previously downloaded public dashboard bundle,publisher_snapshot;2026_2027_partial;metric_definitions_require_confirmation
Active Jobseekers,Maharashtra,2015-16,584,"15th July, 2026",https://ncs.gov.in/NCSReportDashboard,offline extraction of previously downloaded public dashboard bundle,publisher_snapshot;2026_2027_partial;metric_definitions_require_confirmation
Active Jobseekers,Maharashtra,2016-17,196,"15th July, 2026",https://ncs.gov.in/NCSReportDashboard,offline extraction of previously downloaded public dashboard bundle,publisher_snapshot;2026_2027_partial;metric_definitions_require_confirmation
Active Jobseekers,Maharashtra,2017-18,293,"15th July, 2026",https://ncs.gov.in/NCSReportDashboard,offline extraction of previously downloaded public dashboard bundle,publisher_snapshot;2026_2027_partial;metric_definitions_require_confirmation
Active Jobseekers,Maharashtra,2018-19,1069,"15th July, 2026",https://ncs.gov.in/NCSReportDashboard,offline extraction of previously downloaded public dashboard bundle,publisher_snapshot;2026_2027_partial;metric_definitions_require_confirmation
Active Jobseekers,Maharashtra,2019-20,1303,"15th July, 2026",https://ncs.gov.in/NCSReportDashboard,offline extraction of previously downloaded public dashboard bundle,publisher_snapshot;2026_2027_partial;metric_definitions_require_confirmation
Active Jobseekers,Maharashtra,2020-21,2285,"15th July, 2026",https://ncs.gov.in/NCSReportDashboard,offline extraction of previously downloaded public dashboard bundle,publisher_snapshot;2026_2027_partial;metric_definitions_require_confirmation
Active Jobseekers,Maharashtra,2021-22,2415,"15th July, 2026",https://ncs.gov.in/NCSReportDashboard,offline extraction of previously downloaded public dashboard bundle,publisher_snapshot;2026_2027_partial;metric_definitions_require_confirmation
Active Jobseekers,Maharashtra,2022-23,2932,"15th July, 2026",https://ncs.gov.in/NCSReportDashboard,offline extraction of previously downloaded public dashboard bundle,publisher_snapshot;2026_2027_partial;metric_definitions_require_confirmation
Active Jobseekers,Maharashtra,2023-24,266926,"15th July, 2026",https://ncs.gov.in/NCSReportDashboard,offline extraction of previously downloaded public dashboard bundle,publisher_snapshot;2026_2027_partial;metric_definitions_require_confirmation
Active Jobseekers,Maharashtra,2024-25,2699895,"15th July, 2026",https://ncs.gov.in/NCSReportDashboard,offline extraction of previously downloaded public dashboard bundle,publisher_snapshot;2026_2027_partial;metric_definitions_require_confirmation
Active Jobseekers,Maharashtra,2025-26,721095,"15th July, 2026",https://ncs.gov.in/NCSReportDashboard,offline extraction of previously downloaded public dashboard bundle,publisher_snapshot;2026_2027_partial;metric_definitions_require_confirmation
Active Jobseekers,Maharashtra,2026-2027,253162,"15th July, 2026",https://ncs.gov.in/NCSReportDashboard,offline extraction of previously downloaded public dashboard bundle,publisher_snapshot;2026_2027_partial;metric_definitions_require_confirmation
Vacancies,Maharashtra,2015-16,3746,"15th July, 2026",https://ncs.gov.in/NCSReportDashboard,offline extraction of previously downloaded public dashboard bundle,publisher_snapshot;2026_2027_partial;metric_definitions_require_confirmation
Vacancies,Maharashtra,2016-17,204466,"15th July, 2026",https://ncs.gov.in/NCSReportDashboard,offline extraction of previously downloaded public dashboard bundle,publisher_snapshot;2026_2027_partial;metric_definitions_require_confirmation
Vacancies,Maharashtra,2017-18,116145,"15th July, 2026",https://ncs.gov.in/NCSReportDashboard,offline extraction of previously downloaded public dashboard bundle,publisher_snapshot;2026_2027_partial;metric_definitions_require_confirmation
Vacancies,Maharashtra,2018-19,104409,"15th July, 2026",https://ncs.gov.in/NCSReportDashboard,offline extraction of previously downloaded public dashboard bundle,publisher_snapshot;2026_2027_partial;metric_definitions_require_confirmation
Vacancies,Maharashtra,2019-20,304566,"15th July, 2026",https://ncs.gov.in/NCSReportDashboard,offline extraction of previously downloaded public dashboard bundle,publisher_snapshot;2026_2027_partial;metric_definitions_require_confirmation
Vacancies,Maharashtra,2020-21,76927,"15th July, 2026",https://ncs.gov.in/NCSReportDashboard,offline extraction of previously downloaded public dashboard bundle,publisher_snapshot;2026_2027_partial;metric_definitions_require_confirmation
Vacancies,Maharashtra,2021-22,89530,"15th July, 2026",https://ncs.gov.in/NCSReportDashboard,offline extraction of previously downloaded public dashboard bundle,publisher_snapshot;2026_2027_partial;metric_definitions_require_confirmation
Vacancies,Maharashtra,2022-23,119141,"15th July, 2026",https://ncs.gov.in/NCSReportDashboard,offline extraction of previously downloaded public dashboard bundle,publisher_snapshot;2026_2027_partial;metric_definitions_require_confirmation
Vacancies,Maharashtra,2023-24,313528,"15th July, 2026",https://ncs.gov.in/NCSReportDashboard,offline extraction of previously downloaded public dashboard bundle,publisher_snapshot;2026_2027_partial;metric_definitions_require_confirmation
Vacancies,Maharashtra,2024-25,305636,"15th July, 2026",https://ncs.gov.in/NCSReportDashboard,offline extraction of previously downloaded public dashboard bundle,publisher_snapshot;2026_2027_partial;metric_definitions_require_confirmation
Vacancies,Maharashtra,2025-26,897580,"15th July, 2026",https://ncs.gov.in/NCSReportDashboard,offline extraction of previously downloaded public dashboard bundle,publisher_snapshot;2026_2027_partial;metric_definitions_require_confirmation
Vacancies,Maharashtra,2026-2027,214210,"15th July, 2026",https://ncs.gov.in/NCSReportDashboard,offline extraction of previously downloaded public dashboard bundle,publisher_snapshot;2026_2027_partial;metric_definitions_require_confirmation
Active Employer,Maharashtra,2015-16,71,"15th July, 2026",https://ncs.gov.in/NCSReportDashboard,offline extraction of previously downloaded public dashboard bundle,publisher_snapshot;2026_2027_partial;metric_definitions_require_confirmation
Active Employer,Maharashtra,2016-17,53,"15th July, 2026",https://ncs.gov.in/NCSReportDashboard,offline extraction of previously downloaded public dashboard bundle,publisher_snapshot;2026_2027_partial;metric_definitions_require_confirmation
Active Employer,Maharashtra,2017-18,48,"15th July, 2026",https://ncs.gov.in/NCSReportDashboard,offline extraction of previously downloaded public dashboard bundle,publisher_snapshot;2026_2027_partial;metric_definitions_require_confirmation
Active Employer,Maharashtra,2018-19,179,"15th July, 2026",https://ncs.gov.in/NCSReportDashboard,offline extraction of previously downloaded public dashboard bundle,publisher_snapshot;2026_2027_partial;metric_definitions_require_confirmation
Active Employer,Maharashtra,2019-20,5476,"15th July, 2026",https://ncs.gov.in/NCSReportDashboard,offline extraction of previously downloaded public dashboard bundle,publisher_snapshot;2026_2027_partial;metric_definitions_require_confirmation
Active Employer,Maharashtra,2020-21,10388,"15th July, 2026",https://ncs.gov.in/NCSReportDashboard,offline extraction of previously downloaded public dashboard bundle,publisher_snapshot;2026_2027_partial;metric_definitions_require_confirmation
Active Employer,Maharashtra,2021-22,7004,"15th July, 2026",https://ncs.gov.in/NCSReportDashboard,offline extraction of previously downloaded public dashboard bundle,publisher_snapshot;2026_2027_partial;metric_definitions_require_confirmation
Active Employer,Maharashtra,2022-23,158407,"15th July, 2026",https://ncs.gov.in/NCSReportDashboard,offline extraction of previously downloaded public dashboard bundle,publisher_snapshot;2026_2027_partial;metric_definitions_require_confirmation
Active Employer,Maharashtra,2023-24,275661,"15th July, 2026",https://ncs.gov.in/NCSReportDashboard,offline extraction of previously downloaded public dashboard bundle,publisher_snapshot;2026_2027_partial;metric_definitions_require_confirmation
Active Employer,Maharashtra,2024-25,320996,"15th July, 2026",https://ncs.gov.in/NCSReportDashboard,offline extraction of previously downloaded public dashboard bundle,publisher_snapshot;2026_2027_partial;metric_definitions_require_confirmation
Active Employer,Maharashtra,2025-26,282271,"15th July, 2026",https://ncs.gov.in/NCSReportDashboard,offline extraction of previously downloaded public dashboard bundle,publisher_snapshot;2026_2027_partial;metric_definitions_require_confirmation
Active Employer,Maharashtra,2026-2027,4124,"15th July, 2026",https://ncs.gov.in/NCSReportDashboard,offline extraction of previously downloaded public dashboard bundle,publisher_snapshot;2026_2027_partial;metric_definitions_require_confirmation
