id,name
3003,"ADITYA PRIVATE INDUSTRIAL TRAINING INSTITUTE, KONDHAPURI, TAL. SHIRUR, DIST. PUNE"
395,"AKHIL BHARTIYA MARATHA SHIKSHAN PARISHAD’S SHRI NAMDEORAO SURYAWANSHI PRIVATE INDUSTRIAL TRAINING INSTITUTE, RAMANA, TALUKA: PUNE CITY / HAVELI, DISTRICT: PUNE"
410,"ALL INDIA SHRI SHIVAJI MEMORIAL SOCIETY'S PRIVATE INDUSTRIAL TRAINING INSTITUTE, BORIBHADAK, TALUKA: DAUND, DISTRICT: PUNE"
411,"BHIMA SHAIKSHANIK NYAS SANCHALIT PRIVATE INDUSTRIAL TRAINING INSTITUTE, MADHUKARNAGAR-PATAS, TALUKA: DAUND, DISTRICT: PUNE"
391,"CAMP EDUCATION SOCIETY'S PRIVATE INDUSTRIAL TRAINING INSTITUTE, NIGDI, TALUKA: PUNE CITY / HAVELI, DISTRICT: PUNE"
932,"DNYAN PRIVATE INDUSTRIAL TRAINING INSTITUTE, KALA, KRIDA & KRISHI PRATISHTHAN SANCHALIT , KALAMB, TALUKA: INDAPUR, DISTRICT: PUNE"
406,"DNYANDEEP GRAMVIKAS PRATISHTHAN PRIVATE INDUSTRIAL TRAINING INSTITUTE, TALEGAON DHAMDHERE, TALUKA: SHIRUR, DISTRICT: PUNE"
711,"DON BOSCO PRIVATE INDUSTRIAL TRAINING INSTITUTE, CHINCHWAD, TALUKA: PUNE CITY / HAVELI, DISTRICT: PUNE"
3030,"DR. AMBEDKAR MEMORIAL PRIVATE INDUSTRIAL TRAINING INSTITUTE, NR. M G BUS STAND, PUNE CAMP, PULGATE, SOLAPUR BAZAR,TALUKA:PUNE CITY / HAVELI,DISTRICT:PUNE"
240,"GOVERNMENT INDUSTRIAL TRAINING INSTITUTE, (ADIVASI), MANIKDOH, TALUKA: JUNNAR, DISTRICT: PUNE"
234,"GOVERNMENT INDUSTRIAL TRAINING INSTITUTE, (WOMAN), PUNE, TALUKA: PUNE CITY / HAVELI, DISTRICT: PUNE"
233,"GOVERNMENT INDUSTRIAL TRAINING INSTITUTE, AUNDH PUNE, TALUKA:PUNE CITY / HAVELI,DISTRICT: PUNE"
243,"GOVERNMENT INDUSTRIAL TRAINING INSTITUTE, BHOR, TALUKA: BHOR, DISTRICT: PUNE"
235,"GOVERNMENT INDUSTRIAL TRAINING INSTITUTE, GHODEGAON, TALUKA: AMBEGAON, DISTRICT: PUNE"
236,"GOVERNMENT INDUSTRIAL TRAINING INSTITUTE, INDAPUR, TALUKA: INDAPUR, DISTRICT: PUNE"
241,"GOVERNMENT INDUSTRIAL TRAINING INSTITUTE, KHED (RAJGURUNAGAR), TALUKA: KHED, DISTRICT: PUNE"
237,"GOVERNMENT INDUSTRIAL TRAINING INSTITUTE, LONAVALA, TALUKA: MAVAL, DISTRICT: PUNE"
238,"GOVERNMENT INDUSTRIAL TRAINING INSTITUTE, MALEGAON (BK), TALUKA: BARAMATI, DISTRICT: PUNE"
242,"GOVERNMENT INDUSTRIAL TRAINING INSTITUTE, MULSHI, TALUKA: MULSHI, DISTRICT: PUNE"
239,"GOVERNMENT INDUSTRIAL TRAINING INSTITUTE, PIMPRI CHINCHWAD, TALUKA: PUNE CITY / HAVELI, DISTRICT: PUNE"
676,"GOVERNMENT INDUSTRIAL TRAINING INSTITUTE, PUNE CITY / HAVELI, TALUKA: PUNE CITY / HAVELI, DISTRICT: PUNE"
244,"GOVERNMENT INDUSTRIAL TRAINING INSTITUTE, PURANDAR (SASWAD), TALUKA: PURANDAR, DISTRICT: PUNE"
245,"GOVERNMENT INDUSTRIAL TRAINING INSTITUTE, SHIRUR, TALUKA: SHIRUR, DISTRICT: PUNE"
247,"GOVERNMENT INDUSTRIAL TRAINING INSTITUTE, VARVAND, TALUKA: DAUND, DISTRICT: PUNE"
246,"GOVERNMENT INDUSTRIAL TRAINING INSTITUTE, VELHE, TALUKA: VELHE, DISTRICT: PUNE"
401,"GRAMONNATI MANDAL'S ANNASAHEB NAWARE TANTRIK SHIKSHAN KENDRA PRIVATE INDUSTRIAL TRAINING INSTITUTE, NARAYANGAON, TALUKA: JUNNAR, DISTRICT: PUNE"
412,"INDIAN SOCIETY FOR SOCIAL ACTION'S PRIVATE INDUSTRIAL TRAINING INSTITUTE, GIRIM, TALUKA: DAUND, DISTRICT: PUNE"
688,"INDUSTRIAL TRAINING INSTITUTE (PVT) AT/POST MALE TALUKA:MULSHI PRIVATE INDUSTRIAL TRAINING INSTITUTE, DISTRICT:PUNE"
3091,"JAIHIND PRIVATE INDUSTRIAL TRAINING INSTITUTE, KURAN, TALUKA: JUNNAR, DISTRICT: PUNE"
3081,"KARMAVEER BHAURAO PATIL SHIKSHAN SANSTHA'S COL. YASHWANTRAO RENUSE PRIVATE INDUSTRIAL TRAINING INSTITUTE, KIKAVI, TALUKA:BHOR, DISTRICT:PUNE"
397,"KRISHI VIKAS PRATISHTHAN SHARDABAI PAWAR PRIVATE INDUSTRIAL TRAINING INSTITUTE, SHARDANAGAR, TALUKA: BARAMATI, DISTRICT: PUNE"
100020,"KUMSS PRIVATE INDUSTRIAL TRAINING INSTITUTE, A/P-KARHATI, TALUKA:BARAMATI, DISTRICT:PUNE"
100136,"LOKNETE RAJENDRAKUMARJI GHOLAP  PUNE AP-BHIGWAN PRIVATE INDUSTRIAL TRAINING INSTITUTE, TALUKA:INDAPUR, DISTRICT:PUNE"
702,"MUSLIM SAMAJ PRABODHAN SANSTHA'S PRIVATE INDUSTRIAL TRAINING INSTITUTE, HADAPSAR, TALUKA: PUNE CITY / HAVELI, DISTRICT: PUNE"
407,"NAMDEORAO MOHOL VIDYA & KRIDA PRATISHTHAN PRIVATE INDUSTRIAL TRAINING INSTITUTE, PIRANGUT, TALUKA: MULSHI, DISTRICT: PUNE"
429,"NANDKISHOR JAGDALE PRIVATE INDUSTRIAL TRAINING INSTITUTE, CHIKHALI, TALUKA: PUNE CITY / HAVELI, DISTRICT: PUNE"
720,"ORIENTAL EDUCATION SOCIETY PRIVATE INDUSTRIAL TRAINING INSTITUTE, GAUDDARA, TALUKA: PUNE CITY / HAVELI, DISTRICT: PUNE"
100023,"PHARATE PATIL PRIVATE INDUSTRIAL TRANING INSTITUTE A/P MANDAVGAN PRIVATE INDUSTRIAL TRAINING INSTITUTE, PHARATA TALUKA:SHIRUR DISTRICT:PUNE"
756,"PHULGAON SHRI SHIKSHAN PRASARAK MANDAL  (ITI) PRIVATE INDUSTRIAL TRAINING INSTITUTE, PHULGAON,TALUKA: PUNE CITY / HAVELI, DISTRICT: PUNE"
392,"PIMPRI CHINCHWAD MUNICIPAL CORPORATION PRIVATE INDUSTRIAL TRAINING INSTITUTE, MORWADI, TALUKA: PUNE CITY / HAVELI, DISTRICT: PUNE"
394,"PIMPRI-CHINCHWAD MUNICIPAL CORPORATION  (WOMAN) PRIVATE INDUSTRIAL TRAINING INSTITUTE, KASARWADI, TALUKA: PUNE CITY / HAVELI, DISTRICT: PUNE"
415,"PURANDHAR SHIKSHAN PRASARAK MANDAL'S PRIVATE INDUSTRIAL TRAINING INSTITUTE, WAGHAPUR, TALUKA: PURANDAR, DISTRICT: PUNE"
389,"QUEEN MARY PRIVATE INDUSTRIAL TRAINING INSTITUTE, KHADKI, TALUKA: PUNE CITY / HAVELI, DISTRICT: PUNE"
964,"RAJARSHI SHAHU VISWAVIDYALAYA'S PRIVATE INDUSTRIAL TRAINING INSTITUTE, CHINCHWAD, TALUKA: PUNE CITY / HAVELI, DISTRICT: PUNE"
3080,"RAJE PRATISHTHAN SANCHALIT MAYURESHWAR PRIVATE INDUSTRIAL TRAINING INSTITUTE, KHANDUKHAIREWADI,SUPE, TALUKA: BARAMATI, DISTRICT: PUNE"
1275,"RAYAT SHIKSHAN SANSTHA'S PRIVATE INDUSTRIAL TRAINING INSTITUTE, DAWADI, TALUKA:KHED, DISTRICT: PUNE"
100017,"SAHYADRI VALLEY COLLEGE OF ENGINEERING & TECHNOLOGY PRIVATE INDUSTRIAL TRAINING INSTITUTE, RAJURI, TALUKA: JUNNAR, DISTRICT: PUNE"
968,"SAMARTH PRIVATE INDUSTRIAL TRAINING INSTITUTE, BELHE, TALUKA: JUNNAR, DISTRICT: PUNE"
100117,"SAMEER PRIVATE INDUSTRIAL TRAINING INSTITUTE, A/P. KATPHAL, MIDC BARAMATI, TALUKA:BARAMATI, DISTRICT:PUNE"
966,"SHIVNERI FOUNDATION'S SHIVNERI PRIVATE INDUSTRIAL TRAINING INSTITUTE, KHANAPUR, TALUKA: JUNNAR, DISTRICT: PUNE"
3082,"SHREE BHAIRAVNATH PRIVATE INDUSTRIAL TRAINING INSTITUTE, PABAL, TALUKA: SHIRUR, DISTRICT: PUNE"
398,"SHREEMANT DAGDUSHETH HALWAI SARVAJANIK GANPATI TRUST’S PRIVATE INDUSTRIAL TRAINING INSTITUTE, KONDHAWA KHURD, TALUKA: PUNE CITY / HAVELI, DISTRICT: PUNE"
405,"SHRI CHHATRAPATI SAMBHAJI SHIKSHAN SANSTHA'S PRIVATE INDUSTRIAL TRAINING INSTITUTE, SHIRUR, TALUKA: SHIRUR, DISTRICT: PUNE"
387,"SHRI CHHATRAPATI SHIVAJI PRIVATE INDUSTRIAL TRAINING INSTITUTE, PUNE, TALUKA: PUNE CITY / HAVELI, DISTRICT: PUNE"
404,"SHRI KULSWAMI PRIVATE INDUSTRIAL TRAINING INSTITUTE, VADAJ, TALUKA: JUNNAR, DISTRICT: PUNE"
958,"SHRI SARASWATI PRATISHTHAN'S ADIRAJ PRIVATE INDUSTRIAL TRAINING INSTITUTE, CHAKAN, TALUKA: KHED, DISTRICT: PUNE"
402,"SHRI VIGHNAHAR TRUST’S LATE NIVRUTTISHETH SHERKAR PRIVATE INDUSTRIAL TRAINING INSTITUTE, NIVRUTTINAGAR, TALUKA: JUNNAR, DISTRICT: PUNE"
693,"SOCIAL ACTION FOR MAN POWER CREATION PRIVATE INDUSTRIAL TRAINING INSTITUTE, MALVALI, TALUKA: MAVAL, DISTRICT: PUNE"
100139,"SOU. VIJAYATAI PANSARE  PUNE PRIVATE INDUSTRIAL TRAINING INSTITUTE, AP-MANCHAR, TALUKA:AMBEGAON, DISTRICT:PUNE"
703,"VITTHALRAO THORAT PRIVATE INDUSTRIAL TRAINING INSTITUTE, BHIGWAN, TALUKA: INDAPUR, DISTRICT: PUNE"
100008,"ZEAL PRIVATE ITI PRIVATE INDUSTRIAL TRAINING INSTITUTE, SURVEY NO. 39, NARHE DHAYARI ROAD, NARHE, TALUKA:PUNE CITY / HAVELI, DISTRICT:PUNE"
