state_ut,naps_engaged,nats_engaged,calendar_year,published_at,source_url
Andaman And Nicobar Islands,222,18,2025,2026-03-23,https://www.pib.gov.in/PressReleasePage.aspx?PRID=2243987&lang=1
Andhra Pradesh,26193,3696,2025,2026-03-23,https://www.pib.gov.in/PressReleasePage.aspx?PRID=2243987&lang=1
Arunachal Pradesh,165,17,2025,2026-03-23,https://www.pib.gov.in/PressReleasePage.aspx?PRID=2243987&lang=1
Assam,8811,1721,2025,2026-03-23,https://www.pib.gov.in/PressReleasePage.aspx?PRID=2243987&lang=1
Bihar,6855,16565,2025,2026-03-23,https://www.pib.gov.in/PressReleasePage.aspx?PRID=2243987&lang=1
Chandigarh,1732,2053,2025,2026-03-23,https://www.pib.gov.in/PressReleasePage.aspx?PRID=2243987&lang=1
Chhattisgarh,6426,2342,2025,2026-03-23,https://www.pib.gov.in/PressReleasePage.aspx?PRID=2243987&lang=1
Delhi,30153,9727,2025,2026-03-23,https://www.pib.gov.in/PressReleasePage.aspx?PRID=2243987&lang=1
Goa,12769,957,2025,2026-03-23,https://www.pib.gov.in/PressReleasePage.aspx?PRID=2243987&lang=1
Gujarat,109832,15817,2025,2026-03-23,https://www.pib.gov.in/PressReleasePage.aspx?PRID=2243987&lang=1
Haryana,80573,44274,2025,2026-03-23,https://www.pib.gov.in/PressReleasePage.aspx?PRID=2243987&lang=1
Himachal Pradesh,10672,2350,2025,2026-03-23,https://www.pib.gov.in/PressReleasePage.aspx?PRID=2243987&lang=1
Jammu And Kashmir,1249,471,2025,2026-03-23,https://www.pib.gov.in/PressReleasePage.aspx?PRID=2243987&lang=1
Jharkhand,10309,10158,2025,2026-03-23,https://www.pib.gov.in/PressReleasePage.aspx?PRID=2243987&lang=1
Karnataka,110555,27456,2025,2026-03-23,https://www.pib.gov.in/PressReleasePage.aspx?PRID=2243987&lang=1
Kerala,15243,18152,2025,2026-03-23,https://www.pib.gov.in/PressReleasePage.aspx?PRID=2243987&lang=1
Ladakh,22,0,2025,2026-03-23,https://www.pib.gov.in/PressReleasePage.aspx?PRID=2243987&lang=1
Lakshadweep,8,2,2025,2026-03-23,https://www.pib.gov.in/PressReleasePage.aspx?PRID=2243987&lang=1
Madhya Pradesh,31871,6777,2025,2026-03-23,https://www.pib.gov.in/PressReleasePage.aspx?PRID=2243987&lang=1
Maharashtra,303763,114127,2025,2026-03-23,https://www.pib.gov.in/PressReleasePage.aspx?PRID=2243987&lang=1
Manipur,178,116,2025,2026-03-23,https://www.pib.gov.in/PressReleasePage.aspx?PRID=2243987&lang=1
Meghalaya,276,39,2025,2026-03-23,https://www.pib.gov.in/PressReleasePage.aspx?PRID=2243987&lang=1
Mizoram,272,72,2025,2026-03-23,https://www.pib.gov.in/PressReleasePage.aspx?PRID=2243987&lang=1
Nagaland,25,42,2025,2026-03-23,https://www.pib.gov.in/PressReleasePage.aspx?PRID=2243987&lang=1
Odisha,13195,28279,2025,2026-03-23,https://www.pib.gov.in/PressReleasePage.aspx?PRID=2243987&lang=1
Puducherry,5861,748,2025,2026-03-23,https://www.pib.gov.in/PressReleasePage.aspx?PRID=2243987&lang=1
Punjab,23069,2034,2025,2026-03-23,https://www.pib.gov.in/PressReleasePage.aspx?PRID=2243987&lang=1
Rajasthan,29260,15100,2025,2026-03-23,https://www.pib.gov.in/PressReleasePage.aspx?PRID=2243987&lang=1
Sikkim,515,651,2025,2026-03-23,https://www.pib.gov.in/PressReleasePage.aspx?PRID=2243987&lang=1
Tamil Nadu,133189,56112,2025,2026-03-23,https://www.pib.gov.in/PressReleasePage.aspx?PRID=2243987&lang=1
Telangana,45520,35604,2025,2026-03-23,https://www.pib.gov.in/PressReleasePage.aspx?PRID=2243987&lang=1
The Dadra And Nagar Haveli And Daman AND Diu,4157,511,2025,2026-03-23,https://www.pib.gov.in/PressReleasePage.aspx?PRID=2243987&lang=1
Tripura,518,295,2025,2026-03-23,https://www.pib.gov.in/PressReleasePage.aspx?PRID=2243987&lang=1
Uttar Pradesh,100553,21706,2025,2026-03-23,https://www.pib.gov.in/PressReleasePage.aspx?PRID=2243987&lang=1
Uttarakhand,29014,9172,2025,2026-03-23,https://www.pib.gov.in/PressReleasePage.aspx?PRID=2243987&lang=1
West Bengal,31406,75863,2025,2026-03-23,https://www.pib.gov.in/PressReleasePage.aspx?PRID=2243987&lang=1
Total,1184431,523024,2025,2026-03-23,https://www.pib.gov.in/PressReleasePage.aspx?PRID=2243987&lang=1
