state,district,financial_year,trained,page,source_url
Maharashtra,Ahmednagar,2021-22,1562,6,https://www.msde.gov.in/static/uploads/2024/05/Annexure-2.pdf
Maharashtra,Akola,2021-22,860,7,https://www.msde.gov.in/static/uploads/2024/05/Annexure-2.pdf
Maharashtra,Amravati,2021-22,686,7,https://www.msde.gov.in/static/uploads/2024/05/Annexure-2.pdf
Maharashtra,Aurangabad,2021-22,1378,7,https://www.msde.gov.in/static/uploads/2024/05/Annexure-2.pdf
Maharashtra,Beed,2021-22,605,7,https://www.msde.gov.in/static/uploads/2024/05/Annexure-2.pdf
Maharashtra,Bhandara,2021-22,823,7,https://www.msde.gov.in/static/uploads/2024/05/Annexure-2.pdf
Maharashtra,Buldhana,2021-22,787,7,https://www.msde.gov.in/static/uploads/2024/05/Annexure-2.pdf
Maharashtra,Chandrapur,2021-22,456,7,https://www.msde.gov.in/static/uploads/2024/05/Annexure-2.pdf
Maharashtra,Dhule,2021-22,519,7,https://www.msde.gov.in/static/uploads/2024/05/Annexure-2.pdf
Maharashtra,Gadchiroli,2021-22,2511,7,https://www.msde.gov.in/static/uploads/2024/05/Annexure-2.pdf
Maharashtra,Gondia,2021-22,715,7,https://www.msde.gov.in/static/uploads/2024/05/Annexure-2.pdf
Maharashtra,Hingoli,2021-22,593,7,https://www.msde.gov.in/static/uploads/2024/05/Annexure-2.pdf
Maharashtra,Jalgaon,2021-22,1447,7,https://www.msde.gov.in/static/uploads/2024/05/Annexure-2.pdf
Maharashtra,Jalna,2021-22,452,7,https://www.msde.gov.in/static/uploads/2024/05/Annexure-2.pdf
Maharashtra,Kolhapur,2021-22,930,7,https://www.msde.gov.in/static/uploads/2024/05/Annexure-2.pdf
Maharashtra,Latur,2021-22,612,7,https://www.msde.gov.in/static/uploads/2024/05/Annexure-2.pdf
Maharashtra,Mumbai,2021-22,2388,7,https://www.msde.gov.in/static/uploads/2024/05/Annexure-2.pdf
Maharashtra,Mumbai Suburban,2021-22,1426,7,https://www.msde.gov.in/static/uploads/2024/05/Annexure-2.pdf
Maharashtra,Nagpur,2021-22,1740,7,https://www.msde.gov.in/static/uploads/2024/05/Annexure-2.pdf
Maharashtra,Nanded,2021-22,762,7,https://www.msde.gov.in/static/uploads/2024/05/Annexure-2.pdf
Maharashtra,Nandurbar,2021-22,598,7,https://www.msde.gov.in/static/uploads/2024/05/Annexure-2.pdf
Maharashtra,Nashik,2021-22,1744,7,https://www.msde.gov.in/static/uploads/2024/05/Annexure-2.pdf
Maharashtra,Osmanabad,2021-22,575,7,https://www.msde.gov.in/static/uploads/2024/05/Annexure-2.pdf
Maharashtra,Palghar,2021-22,651,7,https://www.msde.gov.in/static/uploads/2024/05/Annexure-2.pdf
Maharashtra,Parbhani,2021-22,797,7,https://www.msde.gov.in/static/uploads/2024/05/Annexure-2.pdf
Maharashtra,Pune,2021-22,4206,7,https://www.msde.gov.in/static/uploads/2024/05/Annexure-2.pdf
Maharashtra,Raigad,2021-22,543,7,https://www.msde.gov.in/static/uploads/2024/05/Annexure-2.pdf
Maharashtra,Ratnagiri,2021-22,352,7,https://www.msde.gov.in/static/uploads/2024/05/Annexure-2.pdf
Maharashtra,Sangli,2021-22,909,7,https://www.msde.gov.in/static/uploads/2024/05/Annexure-2.pdf
Maharashtra,Satara,2021-22,946,7,https://www.msde.gov.in/static/uploads/2024/05/Annexure-2.pdf
Maharashtra,Sindhudurg,2021-22,89,7,https://www.msde.gov.in/static/uploads/2024/05/Annexure-2.pdf
Maharashtra,Solapur,2021-22,1014,7,https://www.msde.gov.in/static/uploads/2024/05/Annexure-2.pdf
Maharashtra,Thane,2021-22,2324,7,https://www.msde.gov.in/static/uploads/2024/05/Annexure-2.pdf
Maharashtra,Wardha,2021-22,1613,7,https://www.msde.gov.in/static/uploads/2024/05/Annexure-2.pdf
Maharashtra,Washim,2021-22,669,7,https://www.msde.gov.in/static/uploads/2024/05/Annexure-2.pdf
Maharashtra,Yavatmal,2021-22,1582,7,https://www.msde.gov.in/static/uploads/2024/05/Annexure-2.pdf
