observation_id,metric,state,financial_year,value,publisher_updated_at,source_url,access_method,quality_flag,source_file_id
1,Vacancies,Maharashtra,2015-16,3746,"15th July, 2026",https://ncs.gov.in/NCSReportDashboard,offline extraction of previously downloaded public dashboard bundle,publisher_snapshot;2026_2027_partial;metric_definitions_require_confirmation,ncs
2,Vacancies,Maharashtra,2016-17,204466,"15th July, 2026",https://ncs.gov.in/NCSReportDashboard,offline extraction of previously downloaded public dashboard bundle,publisher_snapshot;2026_2027_partial;metric_definitions_require_confirmation,ncs
3,Vacancies,Maharashtra,2017-18,116145,"15th July, 2026",https://ncs.gov.in/NCSReportDashboard,offline extraction of previously downloaded public dashboard bundle,publisher_snapshot;2026_2027_partial;metric_definitions_require_confirmation,ncs
4,Vacancies,Maharashtra,2018-19,104409,"15th July, 2026",https://ncs.gov.in/NCSReportDashboard,offline extraction of previously downloaded public dashboard bundle,publisher_snapshot;2026_2027_partial;metric_definitions_require_confirmation,ncs
5,Vacancies,Maharashtra,2019-20,304566,"15th July, 2026",https://ncs.gov.in/NCSReportDashboard,offline extraction of previously downloaded public dashboard bundle,publisher_snapshot;2026_2027_partial;metric_definitions_require_confirmation,ncs
6,Vacancies,Maharashtra,2020-21,76927,"15th July, 2026",https://ncs.gov.in/NCSReportDashboard,offline extraction of previously downloaded public dashboard bundle,publisher_snapshot;2026_2027_partial;metric_definitions_require_confirmation,ncs
7,Vacancies,Maharashtra,2021-22,89530,"15th July, 2026",https://ncs.gov.in/NCSReportDashboard,offline extraction of previously downloaded public dashboard bundle,publisher_snapshot;2026_2027_partial;metric_definitions_require_confirmation,ncs
8,Vacancies,Maharashtra,2022-23,119141,"15th July, 2026",https://ncs.gov.in/NCSReportDashboard,offline extraction of previously downloaded public dashboard bundle,publisher_snapshot;2026_2027_partial;metric_definitions_require_confirmation,ncs
9,Vacancies,Maharashtra,2023-24,313528,"15th July, 2026",https://ncs.gov.in/NCSReportDashboard,offline extraction of previously downloaded public dashboard bundle,publisher_snapshot;2026_2027_partial;metric_definitions_require_confirmation,ncs
10,Vacancies,Maharashtra,2024-25,305636,"15th July, 2026",https://ncs.gov.in/NCSReportDashboard,offline extraction of previously downloaded public dashboard bundle,publisher_snapshot;2026_2027_partial;metric_definitions_require_confirmation,ncs
11,Vacancies,Maharashtra,2025-26,897580,"15th July, 2026",https://ncs.gov.in/NCSReportDashboard,offline extraction of previously downloaded public dashboard bundle,publisher_snapshot;2026_2027_partial;metric_definitions_require_confirmation,ncs
12,Vacancies,Maharashtra,2026-2027,214210,"15th July, 2026",https://ncs.gov.in/NCSReportDashboard,offline extraction of previously downloaded public dashboard bundle,publisher_snapshot;2026_2027_partial;metric_definitions_require_confirmation,ncs
13,Active Employer,Maharashtra,2015-16,71,"15th July, 2026",https://ncs.gov.in/NCSReportDashboard,offline extraction of previously downloaded public dashboard bundle,publisher_snapshot;2026_2027_partial;metric_definitions_require_confirmation,ncs
14,Active Employer,Maharashtra,2016-17,53,"15th July, 2026",https://ncs.gov.in/NCSReportDashboard,offline extraction of previously downloaded public dashboard bundle,publisher_snapshot;2026_2027_partial;metric_definitions_require_confirmation,ncs
15,Active Employer,Maharashtra,2017-18,48,"15th July, 2026",https://ncs.gov.in/NCSReportDashboard,offline extraction of previously downloaded public dashboard bundle,publisher_snapshot;2026_2027_partial;metric_definitions_require_confirmation,ncs
16,Active Employer,Maharashtra,2018-19,179,"15th July, 2026",https://ncs.gov.in/NCSReportDashboard,offline extraction of previously downloaded public dashboard bundle,publisher_snapshot;2026_2027_partial;metric_definitions_require_confirmation,ncs
17,Active Employer,Maharashtra,2019-20,5476,"15th July, 2026",https://ncs.gov.in/NCSReportDashboard,offline extraction of previously downloaded public dashboard bundle,publisher_snapshot;2026_2027_partial;metric_definitions_require_confirmation,ncs
18,Active Employer,Maharashtra,2020-21,10388,"15th July, 2026",https://ncs.gov.in/NCSReportDashboard,offline extraction of previously downloaded public dashboard bundle,publisher_snapshot;2026_2027_partial;metric_definitions_require_confirmation,ncs
19,Active Employer,Maharashtra,2021-22,7004,"15th July, 2026",https://ncs.gov.in/NCSReportDashboard,offline extraction of previously downloaded public dashboard bundle,publisher_snapshot;2026_2027_partial;metric_definitions_require_confirmation,ncs
20,Active Employer,Maharashtra,2022-23,158407,"15th July, 2026",https://ncs.gov.in/NCSReportDashboard,offline extraction of previously downloaded public dashboard bundle,publisher_snapshot;2026_2027_partial;metric_definitions_require_confirmation,ncs
21,Active Employer,Maharashtra,2023-24,275661,"15th July, 2026",https://ncs.gov.in/NCSReportDashboard,offline extraction of previously downloaded public dashboard bundle,publisher_snapshot;2026_2027_partial;metric_definitions_require_confirmation,ncs
22,Active Employer,Maharashtra,2024-25,320996,"15th July, 2026",https://ncs.gov.in/NCSReportDashboard,offline extraction of previously downloaded public dashboard bundle,publisher_snapshot;2026_2027_partial;metric_definitions_require_confirmation,ncs
23,Active Employer,Maharashtra,2025-26,282271,"15th July, 2026",https://ncs.gov.in/NCSReportDashboard,offline extraction of previously downloaded public dashboard bundle,publisher_snapshot;2026_2027_partial;metric_definitions_require_confirmation,ncs
24,Active Employer,Maharashtra,2026-2027,4124,"15th July, 2026",https://ncs.gov.in/NCSReportDashboard,offline extraction of previously downloaded public dashboard bundle,publisher_snapshot;2026_2027_partial;metric_definitions_require_confirmation,ncs
